-- phpMyAdmin SQL Dump
-- version 3.5.8
-- http://www.phpmyadmin.net
--
-- Хост: localhost
-- Время создания: Май 20 2013 г., 17:10
-- Версия сервера: 5.5.30-cll
-- Версия PHP: 5.3.17

SET SQL_MODE="NO_AUTO_VALUE_ON_ZERO";
SET time_zone = "+00:00";


/*!40101 SET @OLD_CHARACTER_SET_CLIENT=@@CHARACTER_SET_CLIENT */;
/*!40101 SET @OLD_CHARACTER_SET_RESULTS=@@CHARACTER_SET_RESULTS */;
/*!40101 SET @OLD_COLLATION_CONNECTION=@@COLLATION_CONNECTION */;
/*!40101 SET NAMES utf8 */;

--
-- База данных: `forsmart_puzzathlon`
--

-- --------------------------------------------------------

--
-- Структура таблицы `fs_userroles`
--

CREATE TABLE IF NOT EXISTS `fs_userroles` (
  `user_id` int(11) NOT NULL DEFAULT '0',
  `rolename` varchar(30) COLLATE utf8_unicode_ci NOT NULL DEFAULT '',
  KEY `user_id` (`user_id`,`rolename`)
) ENGINE=MyISAM DEFAULT CHARSET=utf8 COLLATE=utf8_unicode_ci;

-- --------------------------------------------------------

--
-- Структура таблицы `fs_users`
--

CREATE TABLE IF NOT EXISTS `fs_users` (
  `id` int(11) NOT NULL AUTO_INCREMENT,
  `username` varchar(30) COLLATE utf8_unicode_ci NOT NULL DEFAULT '',
  `displayname` varchar(50) COLLATE utf8_unicode_ci DEFAULT NULL,
  `password` varchar(40) COLLATE utf8_unicode_ci NOT NULL DEFAULT '',
  `email` varchar(50) COLLATE utf8_unicode_ci DEFAULT NULL,
  PRIMARY KEY (`id`),
  UNIQUE KEY `username` (`username`)
) ENGINE=MyISAM  DEFAULT CHARSET=utf8 COLLATE=utf8_unicode_ci AUTO_INCREMENT=22 ;

--
-- Дамп данных таблицы `fs_users`
--

INSERT INTO `fs_users` (`id`, `username`, `displayname`, `password`, `email`) VALUES
(18, 'forsmarts', 'Vladimir Portugalov', 'a276c1501d33165bfea30ec725d7b802', 'forsmarts@gmail.com'),
(19, 'bay73', 'Andrey Bogdanov', '19aaa58fde1f4d7c878f8ffbe624f33f', 'bay73@mail.ru'),
(20, '123', '123', 'e10adc3949ba59abbe56e057f20f883e', '789@123'),
(21, 'xxx', 'Test User', 'dad3a37aa9d50688b5157698acfd7aee', 'xxx@mail.ru');

-- --------------------------------------------------------

--
-- Структура таблицы `pztl_log`
--

CREATE TABLE IF NOT EXISTS `pztl_log` (
  `user_id` int(11) NOT NULL,
  `race_id` bigint(20) NOT NULL,
  `stage` int(2) NOT NULL,
  `action` varchar(30) COLLATE utf8_unicode_ci NOT NULL,
  `data` longtext COLLATE utf8_unicode_ci NOT NULL,
  `actiondate` datetime NOT NULL,
  KEY `user_id` (`user_id`,`race_id`),
  KEY `user_id_2` (`user_id`),
  KEY `race_id` (`race_id`),
  KEY `action` (`action`),
  KEY `stage` (`stage`),
  KEY `actiondate` (`actiondate`)
) ENGINE=MyISAM DEFAULT CHARSET=utf8 COLLATE=utf8_unicode_ci;

--
-- Дамп данных таблицы `pztl_log`
--

INSERT INTO `pztl_log` (`user_id`, `race_id`, `stage`, `action`, `data`, `actiondate`) VALUES
(19, 0, 0, 'read', '', '2013-04-04 08:11:56'),
(19, 0, 0, 'start', '', '2013-04-04 08:11:57'),
(19, 0, 1, 'read', '', '2013-04-04 08:11:58'),
(19, 0, 2, 'read', '', '2013-04-04 08:11:59'),
(19, 0, 3, 'read', '', '2013-04-04 08:12:00'),
(19, 0, 4, 'read', '', '2013-04-04 08:12:02'),
(19, 0, 5, 'read', '', '2013-04-04 08:12:03'),
(19, 0, 6, 'read', '', '2013-04-04 08:12:04'),
(19, 0, 7, 'read', '', '2013-04-04 08:12:05'),
(19, 0, 8, 'read', '', '2013-04-04 08:12:06'),
(19, 0, 9, 'read', '', '2013-04-04 08:12:07'),
(19, 0, 10, 'read', '', '2013-04-04 08:12:08'),
(19, 0, 11, 'read', '', '2013-04-04 08:12:09'),
(19, 0, 12, 'read', '', '2013-04-04 08:12:10'),
(19, 0, 13, 'read', '', '2013-04-04 08:12:12'),
(19, 0, 14, 'read', '', '2013-04-04 08:12:13'),
(19, 0, 0, 'finish', '{"duration":29.401}', '2013-04-04 08:12:26'),
(19, 0, 1, 'start', '', '2013-04-04 08:12:26'),
(19, 0, 0, 'finish', '{"duration":29.642}', '2013-04-04 08:12:26'),
(19, 0, 1, 'start', '', '2013-04-04 08:12:26'),
(19, 0, 1, 'shot', '{"row":0, "column": 0, "value":1}', '2013-04-04 08:12:27'),
(19, 0, 1, 'shot', '{"row":1, "column": 1, "value":1}', '2013-04-04 08:12:28'),
(19, 0, 1, 'shot', '{"row":2, "column": 2, "value":1}', '2013-04-04 08:12:28'),
(19, 0, 1, 'shot', '{"row":3, "column": 3, "value":1}', '2013-04-04 08:12:28'),
(19, 0, 1, 'shot', '{"row":4, "column": 4, "value":1}', '2013-04-04 08:12:29'),
(19, 0, 3, 'start', '', '2013-04-04 08:12:30'),
(19, 0, 1, 'finish', '{"duration":4.19, "missCount": 4}', '2013-04-04 08:12:30'),
(19, 0, 3, 'read', '', '2013-04-04 08:12:37'),
(19, 0, 3, 'start', '', '2013-04-04 08:12:38'),
(19, 0, 4, 'read', '', '2013-04-04 08:12:38'),
(19, 0, 5, 'read', '', '2013-04-04 08:12:40'),
(19, 0, 6, 'read', '', '2013-04-04 08:12:41'),
(19, 0, 7, 'read', '', '2013-04-04 08:12:42'),
(19, 0, 8, 'read', '', '2013-04-04 08:12:43'),
(19, 0, 9, 'read', '', '2013-04-04 08:12:44'),
(19, 0, 10, 'read', '', '2013-04-04 08:12:45'),
(19, 0, 11, 'read', '', '2013-04-04 08:12:46'),
(19, 0, 12, 'read', '', '2013-04-04 08:12:47'),
(19, 0, 13, 'read', '', '2013-04-04 08:12:49'),
(19, 0, 14, 'read', '', '2013-04-04 08:12:50'),
(19, 0, 3, 'finish', '{"duration":26.01}', '2013-04-04 08:13:04'),
(19, 0, 4, 'start', '', '2013-04-04 08:13:04'),
(19, 0, 4, 'read', '', '2013-04-04 08:13:11'),
(19, 0, 4, 'start', '', '2013-04-04 08:13:11'),
(19, 0, 5, 'read', '', '2013-04-04 08:13:12'),
(19, 0, 6, 'read', '', '2013-04-04 08:13:13'),
(19, 0, 7, 'read', '', '2013-04-04 08:13:14'),
(19, 0, 8, 'read', '', '2013-04-04 08:13:16'),
(19, 0, 9, 'read', '', '2013-04-04 08:13:17'),
(19, 0, 10, 'read', '', '2013-04-04 08:13:18'),
(19, 0, 11, 'read', '', '2013-04-04 08:13:19'),
(19, 0, 12, 'read', '', '2013-04-04 08:13:20'),
(19, 0, 13, 'read', '', '2013-04-04 08:13:21'),
(19, 0, 14, 'read', '', '2013-04-04 08:13:22'),
(19, 0, 4, 'read', '', '2013-04-04 08:19:31'),
(19, 0, 4, 'start', '', '2013-04-04 08:19:32'),
(19, 0, 5, 'read', '', '2013-04-04 08:19:33'),
(19, 0, 6, 'read', '', '2013-04-04 08:19:34'),
(19, 0, 7, 'read', '', '2013-04-04 08:19:35'),
(19, 0, 8, 'read', '', '2013-04-04 08:19:36'),
(19, 0, 9, 'read', '', '2013-04-04 08:19:37'),
(19, 0, 10, 'read', '', '2013-04-04 08:19:38'),
(19, 0, 11, 'read', '', '2013-04-04 08:19:39'),
(19, 0, 12, 'read', '', '2013-04-04 08:19:40'),
(19, 0, 13, 'read', '', '2013-04-04 08:19:42'),
(19, 0, 5, 'start', '', '2013-04-04 08:19:43'),
(19, 0, 4, 'finish', '{"duration":11.087}', '2013-04-04 08:19:43'),
(19, 0, 14, 'read', '', '2013-04-04 08:19:43'),
(19, 0, 5, 'read', '', '2013-04-04 08:19:47'),
(19, 0, 5, 'start', '', '2013-04-04 08:19:47'),
(19, 0, 6, 'read', '', '2013-04-04 08:19:48'),
(19, 0, 7, 'read', '', '2013-04-04 08:19:49'),
(19, 0, 8, 'read', '', '2013-04-04 08:19:50'),
(19, 0, 9, 'read', '', '2013-04-04 08:19:52'),
(19, 0, 10, 'read', '', '2013-04-04 08:19:53'),
(19, 0, 11, 'read', '', '2013-04-04 08:19:54'),
(19, 0, 12, 'read', '', '2013-04-04 08:19:55'),
(19, 0, 13, 'read', '', '2013-04-04 08:19:56'),
(19, 0, 14, 'read', '', '2013-04-04 08:19:58'),
(19, 0, 6, 'start', '', '2013-04-04 08:20:01'),
(19, 0, 5, 'finish', '{"duration":13.732}', '2013-04-04 08:20:01'),
(19, 0, 6, 'read', '', '2013-04-04 08:20:05'),
(19, 0, 6, 'start', '', '2013-04-04 08:20:06'),
(19, 0, 7, 'read', '', '2013-04-04 08:20:07'),
(19, 0, 8, 'read', '', '2013-04-04 08:20:08'),
(19, 0, 9, 'read', '', '2013-04-04 08:20:09'),
(19, 0, 10, 'read', '', '2013-04-04 08:20:10'),
(19, 0, 11, 'read', '', '2013-04-04 08:20:11'),
(19, 0, 12, 'read', '', '2013-04-04 08:20:13'),
(19, 0, 13, 'read', '', '2013-04-04 08:20:14'),
(19, 0, 14, 'read', '', '2013-04-04 08:20:15'),
(19, 0, 6, 'finish', '{"duration":11.392}', '2013-04-04 08:20:17'),
(19, 0, 7, 'start', '', '2013-04-04 08:20:17'),
(19, 0, 6, 'finish', '{"duration":11.629}', '2013-04-04 08:20:17'),
(19, 0, 7, 'start', '', '2013-04-04 08:20:17'),
(19, 0, 7, 'read', '', '2013-04-04 08:20:54'),
(19, 0, 7, 'start', '', '2013-04-04 08:20:54'),
(19, 0, 8, 'read', '', '2013-04-04 08:20:55'),
(19, 0, 9, 'read', '', '2013-04-04 08:20:57'),
(19, 0, 10, 'read', '', '2013-04-04 08:20:58'),
(19, 0, 11, 'read', '', '2013-04-04 08:20:59'),
(19, 0, 12, 'read', '', '2013-04-04 08:21:00'),
(19, 0, 13, 'read', '', '2013-04-04 08:21:01'),
(19, 0, 14, 'read', '', '2013-04-04 08:21:02'),
(19, 0, 7, 'finish', '{"duration":7.92}', '2013-04-04 08:21:02'),
(19, 0, 8, 'start', '', '2013-04-04 08:21:02'),
(19, 0, 8, 'shot', '{"row":1, "column": 1, "value":3}', '2013-04-04 08:21:05'),
(19, 0, 8, 'shot', '{"row":3, "column": 3, "value":2}', '2013-04-04 08:21:06'),
(19, 0, 8, 'shot', '{"row":1, "column": 0, "value":2}', '2013-04-04 08:21:17'),
(19, 0, 8, 'shot', '{"row":3, "column": 4, "value":5}', '2013-04-04 08:21:21'),
(19, 0, 8, 'shot', '{"row":2, "column": 2, "value":3}', '2013-04-04 08:21:29'),
(19, 0, 8, 'finish', '{"duration":27.598, "missCount": 1}', '2013-04-04 08:21:30'),
(19, 0, 13, 'start', '', '2013-04-04 08:21:30'),
(19, 0, 13, 'finish', '{"duration":8.791}', '2013-04-04 08:21:39'),
(19, 0, 14, 'start', '', '2013-04-04 08:21:39'),
(19, 0, 14, 'read', '', '2013-04-04 08:39:30'),
(19, 0, 14, 'start', '', '2013-04-04 08:39:30'),
(19, 0, 14, 'finish', '{"duration":6.929}', '2013-04-04 08:39:37'),
(19, 0, 14, 'finish', '{"duration":7.215}', '2013-04-04 08:39:37'),
(19, 0, 0, 'read', '', '2013-04-04 10:28:19'),
(19, 0, 0, 'start', '', '2013-04-04 10:28:20'),
(19, 0, 1, 'read', '', '2013-04-04 10:28:21'),
(19, 0, 2, 'read', '', '2013-04-04 10:28:22'),
(19, 0, 3, 'read', '', '2013-04-04 10:28:23'),
(19, 0, 4, 'read', '', '2013-04-04 10:28:24'),
(19, 0, 5, 'read', '', '2013-04-04 10:28:25'),
(19, 0, 6, 'read', '', '2013-04-04 10:28:26'),
(19, 0, 7, 'read', '', '2013-04-04 10:28:27'),
(19, 0, 8, 'read', '', '2013-04-04 10:28:28'),
(19, 0, 9, 'read', '', '2013-04-04 10:28:30'),
(19, 0, 10, 'read', '', '2013-04-04 10:28:31'),
(19, 0, 11, 'read', '', '2013-04-04 10:28:32'),
(19, 0, 12, 'read', '', '2013-04-04 10:28:33'),
(19, 0, 13, 'read', '', '2013-04-04 10:28:34'),
(19, 0, 14, 'read', '', '2013-04-04 10:28:36'),
(19, 0, 0, 'finish', '{"duration":31.537}', '2013-04-04 10:28:51'),
(19, 0, 1, 'start', '', '2013-04-04 10:28:51'),
(19, 0, 3, 'start', '', '2013-04-04 10:28:52'),
(19, 0, 1, 'finish', '{"duration":0.999, "missCount": 4}', '2013-04-04 10:28:52'),
(19, 0, 0, 'read', '', '2013-04-04 10:31:49'),
(19, 0, 0, 'start', '', '2013-04-04 10:31:49'),
(19, 0, 1, 'read', '', '2013-04-04 10:31:50'),
(19, 0, 2, 'read', '', '2013-04-04 10:31:53'),
(19, 0, 3, 'read', '', '2013-04-04 10:31:54'),
(19, 0, 0, 'read', '', '2013-04-04 10:31:57'),
(19, 0, 0, 'start', '', '2013-04-04 10:31:57'),
(19, 0, 1, 'read', '', '2013-04-04 10:31:58'),
(19, 0, 2, 'read', '', '2013-04-04 10:31:59'),
(21, 0, 0, 'read', '', '2013-04-04 11:05:08'),
(21, 0, 0, 'start', '', '2013-04-04 11:05:08'),
(21, 0, 1, 'read', '', '2013-04-04 11:05:09'),
(21, 0, 2, 'read', '', '2013-04-04 11:05:10'),
(21, 0, 3, 'read', '', '2013-04-04 11:05:11'),
(21, 0, 4, 'read', '', '2013-04-04 11:05:12'),
(21, 0, 5, 'read', '', '2013-04-04 11:05:13'),
(21, 0, 0, 'read', '', '2013-04-04 11:27:13'),
(21, 0, 0, 'start', '', '2013-04-04 11:27:13'),
(21, 0, 1, 'read', '', '2013-04-04 11:27:14'),
(21, 0, 2, 'read', '', '2013-04-04 11:27:15'),
(21, 0, 3, 'read', '', '2013-04-04 11:27:16'),
(21, 0, 4, 'read', '', '2013-04-04 11:27:17'),
(21, 0, 5, 'read', '', '2013-04-04 11:27:19'),
(21, 0, 6, 'read', '', '2013-04-04 11:27:20'),
(21, 0, 7, 'read', '', '2013-04-04 11:27:21'),
(21, 0, 8, 'read', '', '2013-04-04 11:27:22'),
(21, 0, 9, 'read', '', '2013-04-04 11:27:23'),
(21, 0, 10, 'read', '', '2013-04-04 11:27:24'),
(21, 0, 11, 'read', '', '2013-04-04 11:27:25'),
(21, 0, 12, 'read', '', '2013-04-04 11:27:26'),
(21, 0, 13, 'read', '', '2013-04-04 11:27:27'),
(21, 0, 14, 'read', '', '2013-04-04 11:27:29'),
(21, 0, 0, 'finish', '{"duration":35.467}', '2013-04-04 11:27:48'),
(21, 0, 1, 'start', '', '2013-04-04 11:27:48'),
(21, 0, 0, 'finish', '{"duration":35.757}', '2013-04-04 11:27:49'),
(21, 0, 1, 'start', '', '2013-04-04 11:27:49'),
(18, 1, 10, 'finish', '{"duration":59.419}', '2013-04-07 18:13:07'),
(18, 1, 11, 'start', '', '2013-04-07 18:13:07'),
(18, 1, 10, 'start', '', '2013-04-07 18:12:08'),
(18, 1, 8, 'finish', '{"duration":10.971, "missCount": 4}', '2013-04-07 18:12:08'),
(21, 0, 1, 'read', '', '2013-04-04 14:03:51'),
(21, 0, 1, 'start', '', '2013-04-04 14:03:51'),
(21, 0, 2, 'read', '', '2013-04-04 14:03:52'),
(21, 0, 1, 'shot', '{"row":1, "column": 1, "value":5}', '2013-04-04 14:03:54'),
(21, 0, 3, 'read', '', '2013-04-04 14:03:54'),
(21, 0, 4, 'read', '', '2013-04-04 14:03:55'),
(21, 0, 1, 'shot', '{"row":3, "column": 3, "value":4}', '2013-04-04 14:03:55'),
(21, 0, 5, 'read', '', '2013-04-04 14:03:56'),
(21, 0, 1, 'shot', '{"row":2, "column": 2, "value":3}', '2013-04-04 14:03:56'),
(21, 0, 1, 'shot', '{"row":4, "column": 4, "value":1}', '2013-04-04 14:03:57'),
(21, 0, 6, 'read', '', '2013-04-04 14:03:57'),
(21, 0, 1, 'shot', '{"row":0, "column": 0, "value":1}', '2013-04-04 14:03:58'),
(21, 0, 7, 'read', '', '2013-04-04 14:03:58'),
(21, 0, 1, 'finish', '{"duration":7.939, "missCount": 1}', '2013-04-04 14:03:59'),
(21, 0, 6, 'start', '', '2013-04-04 14:03:59'),
(21, 0, 8, 'read', '', '2013-04-04 14:03:59'),
(21, 0, 9, 'read', '', '2013-04-04 14:04:01'),
(21, 0, 10, 'read', '', '2013-04-04 14:04:02'),
(21, 0, 11, 'read', '', '2013-04-04 14:04:03'),
(21, 0, 12, 'read', '', '2013-04-04 14:04:04'),
(21, 0, 13, 'read', '', '2013-04-04 14:04:05'),
(21, 0, 14, 'read', '', '2013-04-04 14:04:06'),
(21, 0, 6, 'finish', '{"duration":18.3}', '2013-04-04 14:04:18'),
(21, 0, 7, 'start', '', '2013-04-04 14:04:18'),
(21, 0, 7, 'read', '', '2013-04-04 14:04:35'),
(21, 0, 7, 'start', '', '2013-04-04 14:04:35'),
(21, 0, 8, 'read', '', '2013-04-04 14:04:36'),
(21, 0, 9, 'read', '', '2013-04-04 14:04:38'),
(21, 0, 10, 'read', '', '2013-04-04 14:04:39'),
(21, 0, 11, 'read', '', '2013-04-04 14:04:40'),
(21, 0, 12, 'read', '', '2013-04-04 14:04:41'),
(21, 0, 13, 'read', '', '2013-04-04 14:04:42'),
(21, 0, 14, 'read', '', '2013-04-04 14:04:44'),
(21, 0, 8, 'start', '', '2013-04-04 14:05:04'),
(21, 0, 7, 'finish', '{"duration":28.036}', '2013-04-04 14:05:04'),
(21, 0, 8, 'shot', '{"row":1, "column": 1, "value":3}', '2013-04-04 14:05:06'),
(21, 0, 8, 'shot', '{"row":3, "column": 3, "value":2}', '2013-04-04 14:05:08'),
(21, 0, 8, 'read', '', '2013-04-04 14:05:12'),
(21, 0, 8, 'start', '', '2013-04-04 14:05:12'),
(21, 0, 9, 'read', '', '2013-04-04 14:05:13'),
(21, 0, 10, 'read', '', '2013-04-04 14:05:14'),
(21, 0, 11, 'read', '', '2013-04-04 14:05:15'),
(21, 0, 12, 'read', '', '2013-04-04 14:05:16'),
(21, 0, 13, 'read', '', '2013-04-04 14:05:17'),
(21, 0, 14, 'read', '', '2013-04-04 14:05:19'),
(21, 0, 8, 'shot', '{"row":3, "column": 4, "value":4}', '2013-04-04 14:05:20'),
(21, 0, 8, 'read', '', '2013-04-04 14:05:24'),
(21, 0, 8, 'start', '', '2013-04-04 14:05:24'),
(21, 0, 9, 'read', '', '2013-04-04 14:05:25'),
(21, 0, 10, 'read', '', '2013-04-04 14:05:26'),
(21, 0, 11, 'read', '', '2013-04-04 14:05:27'),
(21, 0, 12, 'read', '', '2013-04-04 14:05:28'),
(21, 0, 8, 'shot', '{"row":1, "column": 0, "value":1}', '2013-04-04 14:05:29'),
(21, 0, 13, 'read', '', '2013-04-04 14:05:29'),
(21, 0, 14, 'read', '', '2013-04-04 14:05:31'),
(21, 0, 8, 'shot', '{"row":2, "column": 2, "value":2}', '2013-04-04 14:05:36'),
(21, 0, 8, 'finish', '{"duration":12.864, "missCount": 2}', '2013-04-04 14:05:37'),
(21, 0, 12, 'start', '', '2013-04-04 14:05:37'),
(21, 0, 12, 'finish', '{"duration":10.955}', '2013-04-04 14:05:48'),
(21, 0, 13, 'start', '', '2013-04-04 14:05:48'),
(21, 0, 13, 'finish', '{"duration":14.368}', '2013-04-04 14:06:02'),
(21, 0, 14, 'start', '', '2013-04-04 14:06:02'),
(21, 0, 14, 'finish', '{"duration":41.404}', '2013-04-04 14:06:43'),
(18, 1, 8, 'shot', '{"row":0, "column": 1, "value":3}', '2013-04-07 18:12:07'),
(18, 1, 8, 'shot', '{"row":1, "column": 2, "value":3}', '2013-04-07 18:12:06'),
(18, 1, 8, 'shot', '{"row":2, "column": 3, "value":3}', '2013-04-07 18:12:04'),
(18, 1, 8, 'shot', '{"row":3, "column": 4, "value":3}', '2013-04-07 18:12:03'),
(18, 1, 8, 'shot', '{"row":4, "column": 5, "value":1}', '2013-04-07 18:12:00'),
(18, 1, 7, 'finish', '{"duration":736.888}', '2013-04-07 18:11:57'),
(18, 1, 8, 'start', '', '2013-04-07 18:11:57'),
(18, 1, 7, 'start', '', '2013-04-07 17:59:40'),
(18, 1, 6, 'finish', '{"duration":54.062}', '2013-04-07 17:59:40'),
(18, 1, 7, 'start', '', '2013-04-07 17:59:40'),
(18, 1, 6, 'finish', '{"duration":53.814}', '2013-04-07 17:59:40'),
(18, 1, 5, 'finish', '{"duration":49.748}', '2013-04-07 17:58:46'),
(18, 1, 6, 'start', '', '2013-04-07 17:58:46'),
(18, 1, 6, 'start', '', '2013-04-07 17:58:45'),
(18, 1, 5, 'finish', '{"duration":49.502}', '2013-04-07 17:58:45'),
(18, 1, 4, 'finish', '{"duration":82.404}', '2013-04-07 17:57:56'),
(18, 1, 5, 'start', '', '2013-04-07 17:57:56'),
(18, 1, 14, 'read', '', '2013-04-07 17:56:44'),
(18, 1, 13, 'read', '', '2013-04-07 17:56:43'),
(18, 1, 12, 'read', '', '2013-04-07 17:56:42'),
(18, 1, 11, 'read', '', '2013-04-07 17:56:41'),
(18, 1, 10, 'read', '', '2013-04-07 17:56:40'),
(18, 1, 9, 'read', '', '2013-04-07 17:56:39'),
(18, 1, 8, 'read', '', '2013-04-07 17:56:38'),
(18, 1, 7, 'read', '', '2013-04-07 17:56:37'),
(18, 1, 6, 'read', '', '2013-04-07 17:56:36'),
(18, 1, 5, 'read', '', '2013-04-07 17:56:34'),
(18, 1, 4, 'start', '', '2013-04-07 17:56:33'),
(18, 1, 4, 'read', '', '2013-04-07 17:56:33'),
(18, 1, 4, 'start', '', '2013-04-07 17:54:14'),
(18, 1, 3, 'finish', '{"duration":67.642}', '2013-04-07 17:54:14'),
(18, 1, 3, 'finish', '{"duration":67.427}', '2013-04-07 17:54:14'),
(18, 1, 4, 'start', '', '2013-04-07 17:54:14'),
(18, 1, 3, 'start', '', '2013-04-07 17:53:07'),
(18, 1, 1, 'finish', '{"duration":26.909, "missCount": 4}', '2013-04-07 17:53:07'),
(18, 1, 1, 'shot', '{"row":0, "column": 4, "value":2}', '2013-04-07 17:53:06'),
(18, 1, 1, 'shot', '{"row":1, "column": 3, "value":1}', '2013-04-07 17:53:03'),
(18, 1, 14, 'read', '', '2013-04-07 17:52:54'),
(18, 1, 13, 'read', '', '2013-04-07 17:52:53'),
(18, 1, 12, 'read', '', '2013-04-07 17:52:51'),
(18, 1, 11, 'read', '', '2013-04-07 17:52:50'),
(18, 1, 10, 'read', '', '2013-04-07 17:52:49'),
(18, 1, 9, 'read', '', '2013-04-07 17:52:48'),
(18, 1, 8, 'read', '', '2013-04-07 17:52:47'),
(18, 1, 7, 'read', '', '2013-04-07 17:52:46'),
(18, 1, 6, 'read', '', '2013-04-07 17:52:45'),
(18, 1, 5, 'read', '', '2013-04-07 17:52:44'),
(18, 1, 4, 'read', '', '2013-04-07 17:52:43'),
(18, 1, 3, 'read', '', '2013-04-07 17:52:42'),
(18, 1, 2, 'read', '', '2013-04-07 17:52:41'),
(18, 1, 1, 'start', '', '2013-04-07 17:52:40'),
(18, 1, 1, 'read', '', '2013-04-07 17:52:40'),
(18, 1, 1, 'shot', '{"row":4, "column": 0, "value":5}', '2013-04-07 17:32:29'),
(18, 1, 1, 'shot', '{"row":3, "column": 1, "value":2}', '2013-04-07 17:32:27'),
(18, 1, 1, 'shot', '{"row":2, "column": 2, "value":1}', '2013-04-07 17:32:26'),
(18, 1, 1, 'start', '', '2013-04-07 17:32:21'),
(18, 1, 0, 'finish', '{"duration":753.872}', '2013-04-07 17:32:21'),
(18, 1, 14, 'read', '', '2013-04-07 17:20:02'),
(18, 1, 13, 'read', '', '2013-04-07 17:20:01'),
(18, 1, 12, 'read', '', '2013-04-07 17:20:00'),
(18, 1, 11, 'read', '', '2013-04-07 17:19:59'),
(18, 1, 10, 'read', '', '2013-04-07 17:19:58'),
(18, 1, 9, 'read', '', '2013-04-07 17:19:57'),
(18, 1, 8, 'read', '', '2013-04-07 17:19:56'),
(18, 1, 7, 'read', '', '2013-04-07 17:19:55'),
(18, 1, 6, 'read', '', '2013-04-07 17:19:54'),
(18, 1, 5, 'read', '', '2013-04-07 17:19:53'),
(18, 1, 4, 'read', '', '2013-04-07 17:19:52'),
(18, 1, 3, 'read', '', '2013-04-07 17:19:50'),
(18, 1, 2, 'read', '', '2013-04-07 17:19:49'),
(18, 1, 1, 'read', '', '2013-04-07 17:19:48'),
(18, 1, 0, 'start', '', '2013-04-07 17:19:47'),
(18, 0, 12, 'read', '', '2013-04-07 17:19:43'),
(18, 1, 0, 'read', '', '2013-04-07 17:19:47'),
(18, 0, 10, 'read', '', '2013-04-07 17:19:41'),
(18, 0, 11, 'read', '', '2013-04-07 17:19:42'),
(18, 0, 8, 'read', '', '2013-04-07 17:19:39'),
(18, 0, 9, 'read', '', '2013-04-07 17:19:40'),
(18, 0, 6, 'read', '', '2013-04-07 17:19:37'),
(18, 0, 7, 'read', '', '2013-04-07 17:19:38'),
(18, 0, 5, 'read', '', '2013-04-07 17:19:36'),
(18, 0, 4, 'read', '', '2013-04-07 17:19:35'),
(18, 0, 3, 'read', '', '2013-04-07 17:19:34'),
(18, 0, 2, 'read', '', '2013-04-07 17:19:33'),
(18, 0, 1, 'read', '', '2013-04-07 17:19:32'),
(18, 0, 0, 'start', '', '2013-04-07 17:19:31'),
(18, 0, 0, 'read', '', '2013-04-07 17:19:30'),
(18, 1, 14, 'read', '', '2013-04-07 17:09:21'),
(18, 0, 0, 'read', '', '2013-04-04 15:45:46'),
(18, 0, 0, 'start', '', '2013-04-04 15:45:46'),
(18, 0, 1, 'read', '', '2013-04-04 15:45:47'),
(18, 0, 2, 'read', '', '2013-04-04 15:45:48'),
(18, 0, 3, 'read', '', '2013-04-04 15:45:49'),
(18, 0, 4, 'read', '', '2013-04-04 15:45:50'),
(18, 0, 5, 'read', '', '2013-04-04 15:45:52'),
(18, 0, 6, 'read', '', '2013-04-04 15:45:53'),
(18, 0, 7, 'read', '', '2013-04-04 15:45:54'),
(18, 0, 8, 'read', '', '2013-04-04 15:45:55'),
(18, 0, 9, 'read', '', '2013-04-04 15:45:56'),
(18, 0, 10, 'read', '', '2013-04-04 15:45:57'),
(18, 0, 11, 'read', '', '2013-04-04 15:45:58'),
(18, 0, 12, 'read', '', '2013-04-04 15:45:59'),
(18, 0, 13, 'read', '', '2013-04-04 15:46:00'),
(18, 0, 14, 'read', '', '2013-04-04 15:46:02'),
(18, 0, 0, 'finish', '{"duration":48.602}', '2013-04-04 15:46:35'),
(18, 0, 1, 'start', '', '2013-04-04 15:46:35'),
(18, 0, 1, 'shot', '{"row":2, "column": 2, "value":3}', '2013-04-04 15:46:39'),
(18, 0, 1, 'shot', '{"row":4, "column": 4, "value":1}', '2013-04-04 15:46:51'),
(18, 0, 1, 'shot', '{"row":3, "column": 3, "value":4}', '2013-04-04 15:46:54'),
(18, 0, 1, 'shot', '{"row":1, "column": 1, "value":5}', '2013-04-04 15:46:57'),
(18, 0, 1, 'shot', '{"row":0, "column": 0, "value":2}', '2013-04-04 15:46:59'),
(18, 0, 1, 'finish', '{"duration":25.668}', '2013-04-04 15:47:00'),
(18, 0, 7, 'start', '', '2013-04-04 15:47:00'),
(18, 0, 7, 'finish', '{"duration":82.373}', '2013-04-04 15:48:23'),
(18, 0, 8, 'start', '', '2013-04-04 15:48:23'),
(18, 0, 8, 'shot', '{"row":3, "column": 3, "value":2}', '2013-04-04 15:48:28'),
(18, 0, 8, 'shot', '{"row":1, "column": 1, "value":3}', '2013-04-04 15:48:30'),
(18, 0, 8, 'shot', '{"row":3, "column": 4, "value":5}', '2013-04-04 15:48:37'),
(18, 0, 8, 'shot', '{"row":1, "column": 0, "value":2}', '2013-04-04 15:48:56'),
(18, 0, 8, 'shot', '{"row":2, "column": 2, "value":1}', '2013-04-04 15:49:04'),
(18, 0, 8, 'finish', '{"duration":41.103, "missCount": 1}', '2013-04-04 15:49:05'),
(18, 0, 13, 'start', '', '2013-04-04 15:49:05'),
(18, 0, 13, 'finish', '{"duration":16.035}', '2013-04-04 15:49:20'),
(18, 0, 14, 'start', '', '2013-04-04 15:49:20'),
(18, 0, 14, 'finish', '{"duration":104.993}', '2013-04-04 15:51:05'),
(21, 0, 0, 'read', '', '2013-04-04 16:02:04'),
(21, 0, 0, 'start', '', '2013-04-04 16:02:04'),
(21, 0, 1, 'read', '', '2013-04-04 16:02:05'),
(18, 0, 0, 'read', '', '2013-04-04 17:22:34'),
(18, 0, 0, 'start', '', '2013-04-04 17:22:35'),
(18, 0, 1, 'read', '', '2013-04-04 17:22:36'),
(18, 0, 2, 'read', '', '2013-04-04 17:22:37'),
(18, 0, 3, 'read', '', '2013-04-04 17:22:38'),
(18, 0, 4, 'read', '', '2013-04-04 17:22:39'),
(18, 0, 5, 'read', '', '2013-04-04 17:22:40'),
(18, 0, 6, 'read', '', '2013-04-04 17:22:41'),
(18, 0, 7, 'read', '', '2013-04-04 17:22:42'),
(18, 0, 8, 'read', '', '2013-04-04 17:22:43'),
(18, 0, 9, 'read', '', '2013-04-04 17:22:45'),
(18, 0, 10, 'read', '', '2013-04-04 17:22:46'),
(18, 0, 11, 'read', '', '2013-04-04 17:22:47'),
(18, 0, 12, 'read', '', '2013-04-04 17:22:48'),
(18, 0, 13, 'read', '', '2013-04-04 17:22:49'),
(18, 0, 14, 'read', '', '2013-04-04 17:22:51'),
(18, 0, 0, 'finish', '{"duration":48.681}', '2013-04-04 17:23:23'),
(18, 0, 1, 'start', '', '2013-04-04 17:23:23'),
(18, 0, 1, 'finish', '{"duration":1}', '2013-04-04 17:23:24'),
(18, 0, 7, 'start', '', '2013-04-04 17:23:24'),
(21, 0, 0, 'read', '', '2013-04-07 12:45:30'),
(21, 0, 0, 'start', '', '2013-04-07 12:45:30'),
(21, 0, 1, 'read', '', '2013-04-07 12:45:31'),
(21, 0, 0, 'read', '', '2013-04-07 12:47:08'),
(21, 0, 0, 'start', '', '2013-04-07 12:47:08'),
(21, 0, 1, 'read', '', '2013-04-07 12:47:09'),
(21, 0, 2, 'read', '', '2013-04-07 12:47:10'),
(21, 0, 3, 'read', '', '2013-04-07 12:47:11'),
(21, 0, 4, 'read', '', '2013-04-07 12:47:12'),
(21, 0, 5, 'read', '', '2013-04-07 12:47:13'),
(21, 0, 6, 'read', '', '2013-04-07 12:47:14'),
(21, 0, 7, 'read', '', '2013-04-07 12:47:16'),
(21, 0, 8, 'read', '', '2013-04-07 12:47:17'),
(21, 0, 9, 'read', '', '2013-04-07 12:47:18'),
(21, 0, 10, 'read', '', '2013-04-07 12:47:20'),
(21, 0, 11, 'read', '', '2013-04-07 12:47:21'),
(21, 0, 12, 'read', '', '2013-04-07 12:47:22'),
(21, 0, 13, 'read', '', '2013-04-07 12:47:23'),
(21, 0, 14, 'read', '', '2013-04-07 12:47:24'),
(21, 0, 0, 'finish', '{"duration":92.085}', '2013-04-07 12:48:40'),
(21, 0, 1, 'start', '', '2013-04-07 12:48:40'),
(21, 0, 1, 'finish', '{"duration":0.998, "missCount": 1}', '2013-04-07 12:48:41'),
(21, 0, 6, 'start', '', '2013-04-07 12:48:41'),
(21, 0, 6, 'finish', '{"duration":24.283}', '2013-04-07 12:49:05'),
(21, 0, 7, 'start', '', '2013-04-07 12:49:05'),
(21, 0, 7, 'start', '', '2013-04-07 12:49:06'),
(21, 0, 6, 'finish', '{"duration":24.713}', '2013-04-07 12:49:06'),
(18, 1, 13, 'read', '', '2013-04-07 17:09:20'),
(18, 1, 12, 'read', '', '2013-04-07 17:09:19'),
(18, 1, 11, 'read', '', '2013-04-07 17:09:18'),
(18, 1, 10, 'read', '', '2013-04-07 17:09:17'),
(18, 1, 9, 'read', '', '2013-04-07 17:09:15'),
(18, 1, 8, 'read', '', '2013-04-07 17:09:14'),
(18, 1, 7, 'read', '', '2013-04-07 17:09:13'),
(18, 1, 6, 'read', '', '2013-04-07 17:09:12'),
(18, 1, 5, 'read', '', '2013-04-07 17:09:11'),
(18, 1, 4, 'read', '', '2013-04-07 17:09:10'),
(18, 1, 3, 'read', '', '2013-04-07 17:09:09'),
(18, 1, 2, 'read', '', '2013-04-07 17:09:08'),
(18, 1, 1, 'read', '', '2013-04-07 17:09:07'),
(18, 1, 0, 'start', '', '2013-04-07 17:09:06'),
(18, 1, 0, 'read', '', '2013-04-07 17:09:06'),
(18, 1, 10, 'finish', '{"duration":59.687}', '2013-04-07 18:13:07'),
(18, 1, 11, 'start', '', '2013-04-07 18:13:07'),
(18, 1, 12, 'start', '', '2013-04-07 18:14:01'),
(18, 1, 11, 'finish', '{"duration":53.671}', '2013-04-07 18:14:01'),
(18, 1, 12, 'start', '', '2013-04-07 18:14:01'),
(18, 1, 11, 'finish', '{"duration":53.894}', '2013-04-07 18:14:01'),
(18, 1, 12, 'finish', '{"duration":49.158}', '2013-04-07 18:14:50'),
(18, 1, 13, 'start', '', '2013-04-07 18:14:50'),
(18, 1, 13, 'finish', '{"duration":61.026}', '2013-04-07 18:15:51'),
(18, 1, 14, 'start', '', '2013-04-07 18:15:51'),
(18, 1, 14, 'finish', '{"duration":477.918}', '2013-04-07 18:23:49'),
(21, 1, 0, 'read', '', '2013-04-08 10:36:22'),
(21, 1, 0, 'start', '', '2013-04-08 10:36:22'),
(21, 1, 1, 'read', '', '2013-04-08 10:36:23'),
(21, 1, 2, 'read', '', '2013-04-08 10:36:24'),
(21, 1, 3, 'read', '', '2013-04-08 10:36:25'),
(21, 1, 4, 'read', '', '2013-04-08 10:36:26'),
(21, 1, 5, 'read', '', '2013-04-08 10:36:27'),
(21, 1, 6, 'read', '', '2013-04-08 10:36:28'),
(21, 1, 7, 'read', '', '2013-04-08 10:36:29'),
(21, 1, 8, 'read', '', '2013-04-08 10:36:31'),
(21, 1, 9, 'read', '', '2013-04-08 10:36:32'),
(21, 1, 10, 'read', '', '2013-04-08 10:36:33'),
(21, 1, 11, 'read', '', '2013-04-08 10:36:34'),
(21, 1, 12, 'read', '', '2013-04-08 10:36:35'),
(21, 1, 13, 'read', '', '2013-04-08 10:36:36'),
(21, 1, 14, 'read', '', '2013-04-08 10:36:37'),
(21, 1, 0, 'finish', '{"duration":680.595}', '2013-04-08 10:47:42'),
(21, 1, 1, 'start', '', '2013-04-08 10:47:42'),
(21, 1, 1, 'shot', '{"row":0, "column": 4, "value":6}', '2013-04-08 10:48:10'),
(21, 1, 1, 'shot', '{"row":1, "column": 3, "value":5}', '2013-04-08 10:48:17'),
(21, 1, 1, 'shot', '{"row":3, "column": 1, "value":2}', '2013-04-08 10:48:26'),
(21, 1, 1, 'shot', '{"row":4, "column": 0, "value":2}', '2013-04-08 10:48:32'),
(21, 1, 1, 'shot', '{"row":2, "column": 2, "value":5}', '2013-04-08 10:48:34'),
(21, 1, 1, 'finish', '{"duration":52.763}', '2013-04-08 10:48:35'),
(21, 1, 7, 'start', '', '2013-04-08 10:48:35'),
(21, 1, 7, 'read', '', '2013-04-08 10:53:38'),
(21, 1, 7, 'start', '', '2013-04-08 10:53:38'),
(21, 1, 8, 'read', '', '2013-04-08 10:53:39'),
(21, 1, 9, 'read', '', '2013-04-08 10:53:41'),
(21, 1, 10, 'read', '', '2013-04-08 10:53:42'),
(21, 1, 11, 'read', '', '2013-04-08 10:53:43'),
(21, 1, 12, 'read', '', '2013-04-08 10:53:44'),
(21, 1, 13, 'read', '', '2013-04-08 10:53:45'),
(21, 1, 14, 'read', '', '2013-04-08 10:53:46'),
(21, 1, 7, 'read', '', '2013-04-08 10:56:13'),
(21, 1, 7, 'start', '', '2013-04-08 10:56:13'),
(21, 1, 8, 'read', '', '2013-04-08 10:56:14'),
(21, 1, 9, 'read', '', '2013-04-08 10:56:15'),
(21, 1, 10, 'read', '', '2013-04-08 10:56:17'),
(21, 1, 11, 'read', '', '2013-04-08 10:56:18'),
(21, 1, 12, 'read', '', '2013-04-08 10:56:19'),
(21, 1, 13, 'read', '', '2013-04-08 10:56:20'),
(21, 1, 14, 'read', '', '2013-04-08 10:56:21'),
(21, 1, 7, 'finish', '{"duration":239.983}', '2013-04-08 11:00:14'),
(21, 1, 8, 'start', '', '2013-04-08 11:00:14'),
(21, 1, 8, 'start', '', '2013-04-08 11:00:14'),
(21, 1, 7, 'finish', '{"duration":240.247}', '2013-04-08 11:00:14'),
(21, 1, 8, 'shot', '{"row":1, "column": 2, "value":6}', '2013-04-08 11:00:26'),
(21, 1, 8, 'shot', '{"row":4, "column": 5, "value":1}', '2013-04-08 11:01:09'),
(21, 1, 8, 'shot', '{"row":2, "column": 3, "value":5}', '2013-04-08 11:01:31'),
(21, 1, 8, 'shot', '{"row":3, "column": 4, "value":2}', '2013-04-08 11:01:57'),
(21, 1, 8, 'shot', '{"row":0, "column": 1, "value":4}', '2013-04-08 11:02:11'),
(21, 1, 8, 'finish', '{"duration":118.473}', '2013-04-08 11:02:12'),
(21, 1, 14, 'start', '', '2013-04-08 11:02:12'),
(21, 1, 14, 'finish', '{"duration":375.814}', '2013-04-08 11:08:28'),
(21, 1, 14, 'finish', '{"duration":376.087}', '2013-04-08 11:08:28'),
(19, 1, 0, 'read', '', '2013-04-08 11:18:38'),
(19, 1, 0, 'start', '', '2013-04-08 11:18:38'),
(19, 1, 1, 'read', '', '2013-04-08 11:18:39'),
(19, 1, 2, 'read', '', '2013-04-08 11:18:40'),
(19, 1, 3, 'read', '', '2013-04-08 11:18:41'),
(19, 1, 4, 'read', '', '2013-04-08 11:18:42'),
(19, 1, 5, 'read', '', '2013-04-08 11:18:43'),
(19, 1, 6, 'read', '', '2013-04-08 11:18:45'),
(19, 1, 7, 'read', '', '2013-04-08 11:18:46'),
(19, 1, 8, 'read', '', '2013-04-08 11:18:47'),
(19, 1, 9, 'read', '', '2013-04-08 11:18:48'),
(19, 1, 10, 'read', '', '2013-04-08 11:18:49'),
(19, 1, 11, 'read', '', '2013-04-08 11:18:50'),
(19, 1, 12, 'read', '', '2013-04-08 11:18:51'),
(19, 1, 13, 'read', '', '2013-04-08 11:18:53'),
(19, 1, 14, 'read', '', '2013-04-08 11:18:54'),
(18, 1, 0, 'read', '', '2013-04-08 11:37:19'),
(18, 1, 0, 'start', '', '2013-04-08 11:37:19'),
(18, 1, 1, 'read', '', '2013-04-08 11:37:20'),
(18, 1, 2, 'read', '', '2013-04-08 11:37:21'),
(18, 1, 3, 'read', '', '2013-04-08 11:37:22'),
(18, 1, 4, 'read', '', '2013-04-08 11:37:24'),
(18, 1, 5, 'read', '', '2013-04-08 11:37:25'),
(18, 1, 6, 'read', '', '2013-04-08 11:37:26'),
(18, 1, 7, 'read', '', '2013-04-08 11:37:27'),
(18, 1, 8, 'read', '', '2013-04-08 11:37:28'),
(18, 1, 9, 'read', '', '2013-04-08 11:37:29'),
(18, 1, 10, 'read', '', '2013-04-08 11:37:30'),
(18, 1, 11, 'read', '', '2013-04-08 11:37:31'),
(18, 1, 12, 'read', '', '2013-04-08 11:37:32'),
(18, 1, 13, 'read', '', '2013-04-08 11:37:34'),
(18, 1, 14, 'read', '', '2013-04-08 11:37:35'),
(19, 1, 0, 'read', '', '2013-04-08 11:49:26'),
(19, 1, 0, 'start', '', '2013-04-08 11:49:26'),
(19, 1, 1, 'read', '', '2013-04-08 11:49:27'),
(19, 1, 2, 'read', '', '2013-04-08 11:49:28'),
(19, 1, 3, 'read', '', '2013-04-08 11:49:29'),
(19, 1, 4, 'read', '', '2013-04-08 11:49:31'),
(19, 1, 5, 'read', '', '2013-04-08 11:49:32'),
(19, 1, 6, 'read', '', '2013-04-08 11:49:33'),
(19, 1, 7, 'read', '', '2013-04-08 11:49:34'),
(19, 1, 8, 'read', '', '2013-04-08 11:49:35'),
(19, 1, 9, 'read', '', '2013-04-08 11:49:36'),
(19, 1, 10, 'read', '', '2013-04-08 11:49:37'),
(19, 1, 11, 'read', '', '2013-04-08 11:49:38'),
(19, 1, 12, 'read', '', '2013-04-08 11:49:40'),
(19, 1, 13, 'read', '', '2013-04-08 11:49:41'),
(19, 1, 14, 'read', '', '2013-04-08 11:49:42'),
(19, 1, 0, 'finish', '{"duration":663.418}', '2013-04-08 12:00:30'),
(19, 1, 1, 'start', '', '2013-04-08 12:00:30'),
(19, 1, 1, 'shot', '{"row":0, "column": 4, "value":3}', '2013-04-08 12:01:07'),
(19, 1, 1, 'shot', '{"row":1, "column": 3, "value":3}', '2013-04-08 12:01:08'),
(19, 1, 1, 'shot', '{"row":2, "column": 2, "value":3}', '2013-04-08 12:01:09'),
(19, 1, 1, 'shot', '{"row":3, "column": 1, "value":3}', '2013-04-08 12:01:09'),
(19, 1, 1, 'shot', '{"row":4, "column": 0, "value":3}', '2013-04-08 12:01:13'),
(19, 1, 2, 'start', '', '2013-04-08 12:01:14'),
(19, 1, 1, 'finish', '{"duration":43.783, "missCount": 5}', '2013-04-08 12:01:14'),
(19, 1, 2, 'finish', '{"duration":69.714}', '2013-04-08 12:02:23'),
(19, 1, 3, 'start', '', '2013-04-08 12:02:23'),
(19, 1, 4, 'start', '', '2013-04-08 12:03:17'),
(19, 1, 3, 'finish', '{"duration":53.707}', '2013-04-08 12:03:17'),
(19, 1, 4, 'finish', '{"duration":47.575}', '2013-04-08 12:04:04'),
(19, 1, 5, 'start', '', '2013-04-08 12:04:04'),
(19, 1, 5, 'finish', '{"duration":68.915}', '2013-04-08 12:05:13'),
(19, 1, 6, 'start', '', '2013-04-08 12:05:13'),
(19, 1, 6, 'start', '', '2013-04-08 12:05:14'),
(19, 1, 5, 'finish', '{"duration":69.167}', '2013-04-08 12:05:14'),
(18, 1, 0, 'read', '', '2013-04-08 12:05:40'),
(18, 1, 0, 'start', '', '2013-04-08 12:05:40'),
(18, 1, 1, 'read', '', '2013-04-08 12:05:41'),
(18, 1, 2, 'read', '', '2013-04-08 12:05:42'),
(18, 1, 3, 'read', '', '2013-04-08 12:05:43'),
(18, 1, 4, 'read', '', '2013-04-08 12:05:44'),
(18, 1, 5, 'read', '', '2013-04-08 12:05:46'),
(18, 1, 6, 'read', '', '2013-04-08 12:05:47'),
(19, 1, 7, 'start', '', '2013-04-08 12:05:48'),
(19, 1, 6, 'finish', '{"duration":34.104}', '2013-04-08 12:05:48'),
(18, 1, 7, 'read', '', '2013-04-08 12:05:48'),
(18, 1, 8, 'read', '', '2013-04-08 12:05:49'),
(18, 1, 9, 'read', '', '2013-04-08 12:05:50'),
(18, 1, 10, 'read', '', '2013-04-08 12:05:51'),
(18, 1, 11, 'read', '', '2013-04-08 12:05:52'),
(18, 1, 12, 'read', '', '2013-04-08 12:05:53'),
(18, 1, 13, 'read', '', '2013-04-08 12:05:54'),
(18, 1, 14, 'read', '', '2013-04-08 12:05:55'),
(19, 1, 7, 'read', '', '2013-04-08 12:10:50'),
(19, 1, 7, 'start', '', '2013-04-08 12:10:50'),
(19, 1, 8, 'read', '', '2013-04-08 12:10:51'),
(19, 1, 9, 'read', '', '2013-04-08 12:10:52'),
(19, 1, 10, 'read', '', '2013-04-08 12:10:53'),
(19, 1, 11, 'read', '', '2013-04-08 12:10:54'),
(19, 1, 12, 'read', '', '2013-04-08 12:10:55'),
(19, 1, 13, 'read', '', '2013-04-08 12:10:56'),
(19, 1, 14, 'read', '', '2013-04-08 12:10:57'),
(19, 1, 7, 'read', '', '2013-04-08 12:13:28'),
(19, 1, 7, 'start', '', '2013-04-08 12:13:28'),
(19, 1, 8, 'read', '', '2013-04-08 12:13:29'),
(19, 1, 9, 'read', '', '2013-04-08 12:13:31'),
(19, 1, 10, 'read', '', '2013-04-08 12:13:32'),
(19, 1, 11, 'read', '', '2013-04-08 12:13:33'),
(19, 1, 12, 'read', '', '2013-04-08 12:13:34'),
(19, 1, 13, 'read', '', '2013-04-08 12:13:35'),
(19, 1, 14, 'read', '', '2013-04-08 12:13:36'),
(19, 1, 7, 'finish', '{"duration":248.453}', '2013-04-08 12:17:37'),
(19, 1, 8, 'start', '', '2013-04-08 12:17:37'),
(19, 1, 8, 'shot', '{"row":0, "column": 1, "value":6}', '2013-04-08 12:17:48'),
(19, 1, 8, 'shot', '{"row":1, "column": 2, "value":4}', '2013-04-08 12:17:50'),
(19, 1, 8, 'shot', '{"row":2, "column": 3, "value":4}', '2013-04-08 12:17:51'),
(19, 1, 8, 'shot', '{"row":3, "column": 4, "value":6}', '2013-04-08 12:17:52'),
(19, 1, 8, 'shot', '{"row":4, "column": 5, "value":6}', '2013-04-08 12:17:53'),
(19, 1, 8, 'finish', '{"duration":17.183, "missCount": 5}', '2013-04-08 12:17:54'),
(19, 1, 9, 'start', '', '2013-04-08 12:17:54'),
(19, 1, 9, 'finish', '{"duration":35.171}', '2013-04-08 12:18:29'),
(19, 1, 10, 'start', '', '2013-04-08 12:18:29'),
(19, 1, 10, 'start', '', '2013-04-08 12:18:29'),
(19, 1, 9, 'finish', '{"duration":35.411}', '2013-04-08 12:18:29'),
(19, 1, 11, 'start', '', '2013-04-08 12:19:10'),
(19, 1, 10, 'finish', '{"duration":40.516}', '2013-04-08 12:19:10'),
(19, 1, 11, 'finish', '{"duration":68.867}', '2013-04-08 12:20:19'),
(19, 1, 12, 'start', '', '2013-04-08 12:20:19'),
(19, 1, 12, 'finish', '{"duration":23.855}', '2013-04-08 12:20:43'),
(19, 1, 13, 'start', '', '2013-04-08 12:20:43'),
(19, 1, 13, 'start', '', '2013-04-08 12:20:43'),
(19, 1, 12, 'finish', '{"duration":23.962}', '2013-04-08 12:20:43'),
(19, 1, 13, 'finish', '{"duration":37.694}', '2013-04-08 12:21:21'),
(19, 1, 14, 'start', '', '2013-04-08 12:21:21'),
(19, 1, 14, 'read', '', '2013-04-08 12:23:13'),
(19, 1, 14, 'start', '', '2013-04-08 12:23:13'),
(18, 1, 0, 'finish', '{"duration":1391.271}', '2013-04-08 12:28:54'),
(18, 1, 1, 'start', '', '2013-04-08 12:28:54'),
(18, 1, 1, 'finish', '{"duration":1.003, "missCount": 4}', '2013-04-08 12:28:55'),
(18, 1, 3, 'start', '', '2013-04-08 12:28:55'),
(19, 1, 14, 'read', '', '2013-04-08 12:29:44'),
(19, 1, 14, 'start', '', '2013-04-08 12:29:44'),
(18, 1, 3, 'finish', '{"duration":266.296}', '2013-04-08 12:33:22'),
(18, 1, 4, 'start', '', '2013-04-08 12:33:22'),
(18, 1, 4, 'finish', '{"duration":47.789}', '2013-04-08 12:34:10'),
(18, 1, 5, 'start', '', '2013-04-08 12:34:10'),
(18, 1, 5, 'finish', '{"duration":202.874}', '2013-04-08 12:37:33'),
(18, 1, 6, 'start', '', '2013-04-08 12:37:33'),
(18, 1, 6, 'finish', '{"duration":50.917}', '2013-04-08 12:38:24'),
(18, 1, 7, 'start', '', '2013-04-08 12:38:24'),
(19, 1, 14, 'finish', '{"duration":643.854}', '2013-04-08 12:40:28'),
(19, 0, 0, 'read', '', '2013-04-08 15:12:00'),
(19, 0, 0, 'start', '', '2013-04-08 15:12:00'),
(19, 0, 1, 'read', '', '2013-04-08 15:12:01'),
(19, 0, 2, 'read', '', '2013-04-08 15:12:02'),
(19, 0, 3, 'read', '', '2013-04-08 15:12:03'),
(19, 0, 4, 'read', '', '2013-04-08 15:12:04'),
(19, 0, 5, 'read', '', '2013-04-08 15:12:05'),
(19, 0, 6, 'read', '', '2013-04-08 15:12:07'),
(19, 0, 7, 'read', '', '2013-04-08 15:12:08'),
(19, 0, 8, 'read', '', '2013-04-08 15:12:09'),
(19, 0, 9, 'read', '', '2013-04-08 15:12:10'),
(19, 0, 10, 'read', '', '2013-04-08 15:12:11'),
(19, 0, 11, 'read', '', '2013-04-08 15:12:12'),
(19, 0, 12, 'read', '', '2013-04-08 15:12:13'),
(19, 0, 13, 'read', '', '2013-04-08 15:12:14'),
(19, 0, 14, 'read', '', '2013-04-08 15:12:15'),
(19, 0, 1, 'start', '', '2013-04-08 15:12:33'),
(19, 0, 0, 'finish', '{"duration":33.312}', '2013-04-08 15:12:33'),
(19, 0, 1, 'start', '', '2013-04-08 15:12:33'),
(19, 0, 0, 'finish', '{"duration":33.551}', '2013-04-08 15:12:33'),
(19, 0, 1, 'finish', '{"duration":0.768, "missCount": 4}', '2013-04-08 15:12:34'),
(19, 0, 3, 'start', '', '2013-04-08 15:12:34'),
(19, 0, 1, 'finish', '{"duration":0.999, "missCount": 4}', '2013-04-08 15:12:34'),
(19, 0, 3, 'start', '', '2013-04-08 15:12:34'),
(19, 0, 4, 'start', '', '2013-04-08 15:13:08'),
(19, 0, 3, 'finish', '{"duration":33.836}', '2013-04-08 15:13:08'),
(19, 0, 4, 'finish', '{"duration":10.357}', '2013-04-08 15:13:19'),
(19, 0, 5, 'start', '', '2013-04-08 15:13:19'),
(19, 0, 6, 'start', '', '2013-04-08 15:13:43'),
(19, 0, 5, 'finish', '{"duration":24.663}', '2013-04-08 15:13:43'),
(19, 0, 6, 'finish', '{"duration":10.713}', '2013-04-08 15:13:54'),
(19, 0, 7, 'start', '', '2013-04-08 15:13:54'),
(19, 0, 7, 'finish', '{"duration":26.683}', '2013-04-08 15:14:21'),
(19, 0, 8, 'start', '', '2013-04-08 15:14:21'),
(19, 0, 8, 'finish', '{"duration":1.001, "missCount": 1}', '2013-04-08 15:14:22'),
(19, 0, 13, 'start', '', '2013-04-08 15:14:22'),
(19, 0, 14, 'start', '', '2013-04-08 15:14:31'),
(19, 0, 13, 'finish', '{"duration":9.523}', '2013-04-08 15:14:31'),
(19, 0, 14, 'finish', '{"duration":10.966}', '2013-04-08 15:14:42'),
(18, 1, 7, 'finish', '{"duration":11431.112}', '2013-04-08 15:49:17'),
(18, 1, 8, 'start', '', '2013-04-08 15:49:17'),
(18, 1, 7, 'finish', '{"duration":11431.297}', '2013-04-08 15:49:17'),
(18, 1, 8, 'start', '', '2013-04-08 15:49:17'),
(18, 1, 8, 'finish', '{"duration":0.824, "missCount": 4}', '2013-04-08 15:49:18'),
(18, 1, 10, 'start', '', '2013-04-08 15:49:18'),
(18, 1, 8, 'finish', '{"duration":1.003, "missCount": 4}', '2013-04-08 15:49:18'),
(18, 1, 10, 'start', '', '2013-04-08 15:49:18'),
(18, 1, 10, 'finish', '{"duration":427.552}', '2013-04-08 15:56:27'),
(18, 1, 11, 'start', '', '2013-04-08 15:56:27'),
(18, 1, 11, 'finish', '{"duration":62.063}', '2013-04-08 15:57:29'),
(18, 1, 12, 'start', '', '2013-04-08 15:57:29'),
(18, 1, 12, 'finish', '{"duration":10163.508}', '2013-04-08 18:47:12'),
(18, 1, 13, 'start', '', '2013-04-08 18:47:12'),
(18, 1, 13, 'finish', '{"duration":58.302}', '2013-04-08 18:48:10'),
(18, 1, 14, 'start', '', '2013-04-08 18:48:10'),
(19, 1, 0, 'read', '', '2013-04-09 08:01:51'),
(19, 1, 0, 'start', '', '2013-04-09 08:01:51'),
(19, 1, 1, 'read', '', '2013-04-09 08:01:52'),
(19, 1, 2, 'read', '', '2013-04-09 08:01:53'),
(19, 1, 3, 'read', '', '2013-04-09 08:01:54'),
(19, 1, 4, 'read', '', '2013-04-09 08:01:56'),
(19, 1, 5, 'read', '', '2013-04-09 08:01:57'),
(19, 1, 6, 'read', '', '2013-04-09 08:01:58'),
(19, 1, 7, 'read', '', '2013-04-09 08:01:59'),
(19, 1, 8, 'read', '', '2013-04-09 08:02:00'),
(19, 1, 9, 'read', '', '2013-04-09 08:02:01'),
(19, 1, 10, 'read', '', '2013-04-09 08:02:02'),
(19, 1, 11, 'read', '', '2013-04-09 08:02:03'),
(19, 1, 12, 'read', '', '2013-04-09 08:02:05'),
(19, 1, 13, 'read', '', '2013-04-09 08:02:06'),
(19, 1, 14, 'read', '', '2013-04-09 08:02:07'),
(19, 1, 0, 'read', '', '2013-04-09 08:10:56'),
(19, 1, 0, 'start', '', '2013-04-09 08:10:56'),
(19, 1, 1, 'read', '', '2013-04-09 08:10:57'),
(19, 1, 2, 'read', '', '2013-04-09 08:10:59'),
(19, 1, 3, 'read', '', '2013-04-09 08:11:00'),
(19, 1, 4, 'read', '', '2013-04-09 08:11:01'),
(19, 1, 5, 'read', '', '2013-04-09 08:11:02'),
(19, 1, 6, 'read', '', '2013-04-09 08:11:03'),
(19, 1, 7, 'read', '', '2013-04-09 08:11:04'),
(19, 1, 8, 'read', '', '2013-04-09 08:11:05'),
(19, 1, 9, 'read', '', '2013-04-09 08:11:06'),
(19, 1, 10, 'read', '', '2013-04-09 08:11:08'),
(19, 1, 11, 'read', '', '2013-04-09 08:11:09'),
(19, 1, 12, 'read', '', '2013-04-09 08:11:10'),
(19, 1, 13, 'read', '', '2013-04-09 08:11:11'),
(19, 1, 14, 'read', '', '2013-04-09 08:11:12'),
(19, 1, 1, 'start', '', '2013-04-09 08:41:45'),
(19, 1, 0, 'finish', '{"duration":1848.555}', '2013-04-09 08:41:45'),
(19, 1, 1, 'finish', '{"duration":1.007, "missCount": 5}', '2013-04-09 08:41:46'),
(19, 1, 2, 'start', '', '2013-04-09 08:41:46'),
(19, 1, 2, 'finish', '{"duration":36.848}', '2013-04-09 08:42:23'),
(19, 1, 3, 'start', '', '2013-04-09 08:42:23'),
(19, 1, 2, 'finish', '{"duration":37.075}', '2013-04-09 08:42:23'),
(19, 1, 3, 'start', '', '2013-04-09 08:42:23'),
(19, 1, 3, 'finish', '{"duration":43.865}', '2013-04-09 08:43:07'),
(19, 1, 4, 'start', '', '2013-04-09 08:43:07'),
(19, 1, 5, 'start', '', '2013-04-09 08:43:52'),
(19, 1, 4, 'finish', '{"duration":44.729}', '2013-04-09 08:43:52'),
(19, 1, 5, 'finish', '{"duration":49.407}', '2013-04-09 08:44:41'),
(19, 1, 6, 'start', '', '2013-04-09 08:44:41'),
(19, 1, 7, 'start', '', '2013-04-09 08:45:16'),
(19, 1, 6, 'finish', '{"duration":34.481}', '2013-04-09 08:45:16'),
(19, 1, 6, 'finish', '{"duration":34.701}', '2013-04-09 08:45:16'),
(19, 1, 7, 'start', '', '2013-04-09 08:45:16'),
(19, 1, 7, 'finish', '{"duration":83.661}', '2013-04-09 08:46:39'),
(19, 1, 8, 'start', '', '2013-04-09 08:46:39'),
(19, 1, 8, 'finish', '{"duration":1.008, "missCount": 5}', '2013-04-09 08:46:40'),
(19, 1, 9, 'start', '', '2013-04-09 08:46:40'),
(19, 1, 9, 'finish', '{"duration":33.214}', '2013-04-09 08:47:14'),
(19, 1, 10, 'start', '', '2013-04-09 08:47:14'),
(19, 1, 9, 'finish', '{"duration":33.472}', '2013-04-09 08:47:14'),
(19, 1, 10, 'start', '', '2013-04-09 08:47:14'),
(19, 1, 10, 'finish', '{"duration":47.894}', '2013-04-09 08:48:02'),
(19, 1, 11, 'start', '', '2013-04-09 08:48:02'),
(19, 1, 12, 'start', '', '2013-04-09 08:48:41'),
(19, 1, 11, 'finish', '{"duration":39.225}', '2013-04-09 08:48:41'),
(19, 1, 13, 'start', '', '2013-04-09 08:49:36'),
(19, 1, 12, 'finish', '{"duration":54.684}', '2013-04-09 08:49:36'),
(19, 1, 13, 'finish', '{"duration":39.711}', '2013-04-09 08:50:15'),
(19, 1, 14, 'start', '', '2013-04-09 08:50:15'),
(19, 1, 13, 'finish', '{"duration":40.011}', '2013-04-09 08:50:16'),
(19, 1, 14, 'start', '', '2013-04-09 08:50:16'),
(19, 1, 14, 'finish', '{"duration":438.127}', '2013-04-09 08:57:34'),
(19, 1, 14, 'finish', '{"duration":438.381}', '2013-04-09 08:57:34'),
(19, 0, 0, 'read', '', '2013-04-09 08:58:05'),
(19, 0, 0, 'start', '', '2013-04-09 08:58:05'),
(19, 0, 1, 'read', '', '2013-04-09 08:58:06'),
(19, 0, 2, 'read', '', '2013-04-09 08:58:08'),
(19, 0, 3, 'read', '', '2013-04-09 08:58:09'),
(19, 0, 4, 'read', '', '2013-04-09 08:58:10'),
(19, 0, 5, 'read', '', '2013-04-09 08:58:11'),
(19, 0, 6, 'read', '', '2013-04-09 08:58:12'),
(19, 0, 7, 'read', '', '2013-04-09 08:58:13'),
(19, 0, 8, 'read', '', '2013-04-09 08:58:14'),
(19, 0, 9, 'read', '', '2013-04-09 08:58:15'),
(19, 0, 10, 'read', '', '2013-04-09 08:58:16'),
(19, 0, 11, 'read', '', '2013-04-09 08:58:18'),
(19, 0, 12, 'read', '', '2013-04-09 08:58:19'),
(19, 0, 13, 'read', '', '2013-04-09 08:58:20'),
(19, 0, 14, 'read', '', '2013-04-09 08:58:21'),
(19, 0, 1, 'start', '', '2013-04-09 08:59:01'),
(19, 0, 0, 'finish', '{"duration":55.125}', '2013-04-09 08:59:01'),
(19, 0, 0, 'finish', '{"duration":55.562}', '2013-04-09 08:59:01'),
(19, 0, 1, 'start', '', '2013-04-09 08:59:01'),
(19, 0, 3, 'start', '', '2013-04-09 08:59:02'),
(19, 0, 1, 'finish', '{"duration":0.568, "missCount": 4}', '2013-04-09 08:59:02'),
(19, 0, 3, 'start', '', '2013-04-09 08:59:02'),
(19, 0, 1, 'finish', '{"duration":1.007, "missCount": 4}', '2013-04-09 08:59:02'),
(19, 0, 3, 'finish', '{"duration":15.768}', '2013-04-09 08:59:18'),
(19, 0, 4, 'start', '', '2013-04-09 08:59:18'),
(19, 0, 4, 'finish', '{"duration":12.986}', '2013-04-09 08:59:31'),
(19, 0, 5, 'start', '', '2013-04-09 08:59:31'),
(19, 0, 5, 'start', '', '2013-04-09 08:59:31'),
(19, 0, 4, 'finish', '{"duration":13.344}', '2013-04-09 08:59:31'),
(19, 0, 5, 'finish', '{"duration":84.637}', '2013-04-09 09:00:56'),
(19, 0, 6, 'start', '', '2013-04-09 09:00:56'),
(19, 0, 5, 'finish', '{"duration":84.931}', '2013-04-09 09:00:56'),
(19, 0, 6, 'start', '', '2013-04-09 09:00:56'),
(21, 1, 0, 'read', '', '2013-04-09 14:12:20'),
(21, 1, 0, 'start', '', '2013-04-09 14:12:20'),
(21, 1, 1, 'read', '', '2013-04-09 14:12:21'),
(21, 1, 2, 'read', '', '2013-04-09 14:12:22'),
(21, 1, 3, 'read', '', '2013-04-09 14:12:23'),
(21, 1, 4, 'read', '', '2013-04-09 14:12:26'),
(21, 1, 5, 'read', '', '2013-04-09 14:12:28'),
(21, 1, 6, 'read', '', '2013-04-09 14:12:30'),
(21, 1, 7, 'read', '', '2013-04-09 14:12:31'),
(21, 1, 8, 'read', '', '2013-04-09 14:12:32'),
(21, 1, 9, 'read', '', '2013-04-09 14:12:33'),
(21, 1, 10, 'read', '', '2013-04-09 14:12:34'),
(21, 1, 11, 'read', '', '2013-04-09 14:12:35'),
(21, 1, 12, 'read', '', '2013-04-09 14:12:36'),
(21, 1, 13, 'read', '', '2013-04-09 14:12:37'),
(21, 1, 14, 'read', '', '2013-04-09 14:12:39'),
(21, 1, 0, 'finish', '{"duration":612.231}', '2013-04-09 14:22:32'),
(21, 1, 1, 'start', '', '2013-04-09 14:22:32'),
(21, 1, 0, 'finish', '{"duration":612.466}', '2013-04-09 14:22:32'),
(21, 1, 1, 'start', '', '2013-04-09 14:22:32'),
(21, 1, 7, 'start', '', '2013-04-09 14:22:33'),
(21, 1, 1, 'finish', '{"duration":0.773}', '2013-04-09 14:22:33'),
(21, 1, 1, 'finish', '{"duration":1.001}', '2013-04-09 14:22:33'),
(21, 1, 7, 'start', '', '2013-04-09 14:22:33'),
(21, 1, 0, 'read', '', '2013-04-09 15:50:56'),
(21, 1, 0, 'start', '', '2013-04-09 15:50:56'),
(21, 1, 1, 'read', '', '2013-04-09 15:50:57'),
(21, 1, 2, 'read', '', '2013-04-09 15:50:58'),
(21, 1, 3, 'read', '', '2013-04-09 15:50:59'),
(21, 1, 4, 'read', '', '2013-04-09 15:51:00'),
(21, 1, 5, 'read', '', '2013-04-09 15:51:01'),
(21, 1, 6, 'read', '', '2013-04-09 15:51:03'),
(21, 1, 7, 'read', '', '2013-04-09 15:51:04'),
(21, 1, 8, 'read', '', '2013-04-09 15:51:05'),
(21, 1, 9, 'read', '', '2013-04-09 15:51:06'),
(21, 1, 10, 'read', '', '2013-04-09 15:51:07'),
(21, 1, 11, 'read', '', '2013-04-09 15:51:09'),
(21, 1, 12, 'read', '', '2013-04-09 15:51:10'),
(21, 1, 13, 'read', '', '2013-04-09 15:51:11'),
(21, 1, 14, 'read', '', '2013-04-09 15:51:12'),
(21, 1, 1, 'start', '', '2013-04-09 16:00:40'),
(21, 1, 0, 'finish', '{"duration":583.986}', '2013-04-09 16:00:40'),
(21, 1, 1, 'finish', '{"duration":1.004}', '2013-04-09 16:00:41'),
(21, 1, 7, 'start', '', '2013-04-09 16:00:41'),
(21, 1, 0, 'read', '', '2013-04-11 10:46:30'),
(21, 1, 0, 'start', '', '2013-04-11 10:46:31'),
(21, 1, 1, 'read', '', '2013-04-11 10:46:31'),
(21, 1, 2, 'read', '', '2013-04-11 10:46:33'),
(21, 1, 3, 'read', '', '2013-04-11 10:46:34'),
(21, 1, 4, 'read', '', '2013-04-11 10:46:35'),
(21, 1, 5, 'read', '', '2013-04-11 10:46:36'),
(21, 1, 6, 'read', '', '2013-04-11 10:46:37'),
(21, 1, 7, 'read', '', '2013-04-11 10:46:38'),
(21, 1, 8, 'read', '', '2013-04-11 10:46:39'),
(21, 1, 9, 'read', '', '2013-04-11 10:46:41'),
(21, 1, 10, 'read', '', '2013-04-11 10:46:42'),
(21, 1, 11, 'read', '', '2013-04-11 10:46:43'),
(21, 1, 12, 'read', '', '2013-04-11 10:46:44'),
(21, 1, 13, 'read', '', '2013-04-11 10:46:45'),
(21, 1, 14, 'read', '', '2013-04-11 10:46:46'),
(18, 1, 0, 'read', '', '2013-04-13 15:33:29'),
(18, 1, 0, 'start', '', '2013-04-13 15:33:29'),
(18, 1, 1, 'read', '', '2013-04-13 15:33:30'),
(18, 1, 2, 'read', '', '2013-04-13 15:33:31'),
(18, 1, 3, 'read', '', '2013-04-13 15:33:32'),
(18, 1, 4, 'read', '', '2013-04-13 15:33:33'),
(18, 1, 5, 'read', '', '2013-04-13 15:33:34'),
(18, 1, 6, 'read', '', '2013-04-13 15:33:35'),
(18, 1, 7, 'read', '', '2013-04-13 15:33:36'),
(18, 1, 8, 'read', '', '2013-04-13 15:33:37'),
(18, 1, 9, 'read', '', '2013-04-13 15:33:38'),
(18, 1, 10, 'read', '', '2013-04-13 15:33:40'),
(18, 1, 11, 'read', '', '2013-04-13 15:33:41'),
(18, 1, 12, 'read', '', '2013-04-13 15:33:42'),
(18, 1, 13, 'read', '', '2013-04-13 15:33:43'),
(18, 1, 14, 'read', '', '2013-04-13 15:33:44'),
(21, 0, 0, 'read', '', '2013-04-18 08:43:06'),
(21, 0, 0, 'start', '', '2013-04-18 08:43:06'),
(21, 0, 1, 'read', '', '2013-04-18 08:43:07'),
(21, 0, 2, 'read', '', '2013-04-18 08:43:08'),
(21, 0, 3, 'read', '', '2013-04-18 08:43:09'),
(21, 0, 4, 'read', '', '2013-04-18 08:43:10'),
(21, 0, 5, 'read', '', '2013-04-18 08:43:11'),
(21, 0, 6, 'read', '', '2013-04-18 08:43:12'),
(21, 0, 7, 'read', '', '2013-04-18 08:43:13'),
(21, 0, 8, 'read', '', '2013-04-18 08:43:15'),
(21, 0, 9, 'read', '', '2013-04-18 08:43:16'),
(21, 0, 10, 'read', '', '2013-04-18 08:43:17'),
(21, 0, 11, 'read', '', '2013-04-18 08:43:18'),
(21, 0, 12, 'read', '', '2013-04-18 08:43:19'),
(21, 0, 13, 'read', '', '2013-04-18 08:43:20'),
(21, 0, 14, 'read', '', '2013-04-18 08:43:21'),
(21, 0, 1, 'start', '', '2013-04-18 08:43:51'),
(21, 0, 0, 'finish', '{"duration":44.876}', '2013-04-18 08:43:51'),
(21, 0, 1, 'start', '', '2013-04-18 08:43:51'),
(21, 0, 0, 'finish', '{"duration":45.123}', '2013-04-18 08:43:51'),
(21, 0, 1, 'finish', '{"duration":0.751, "missCount": 1}', '2013-04-18 08:43:52'),
(21, 0, 6, 'start', '', '2013-04-18 08:43:52'),
(21, 0, 6, 'start', '', '2013-04-18 08:43:52'),
(21, 0, 1, 'finish', '{"duration":1.007, "missCount": 1}', '2013-04-18 08:43:52'),
(21, 0, 6, 'finish', '{"duration":14.367}', '2013-04-18 08:44:06'),
(21, 0, 7, 'start', '', '2013-04-18 08:44:06'),
(21, 0, 7, 'start', '', '2013-04-18 08:44:07'),
(21, 0, 6, 'finish', '{"duration":14.724}', '2013-04-18 08:44:07'),
(21, 0, 7, 'finish', '{"duration":37.751}', '2013-04-18 08:44:44'),
(21, 0, 8, 'start', '', '2013-04-18 08:44:44'),
(21, 0, 8, 'finish', '{"duration":1.003, "missCount": 2}', '2013-04-18 08:44:45'),
(21, 0, 12, 'start', '', '2013-04-18 08:44:45'),
(21, 0, 12, 'finish', '{"duration":16.92}', '2013-04-18 08:45:02'),
(21, 0, 13, 'start', '', '2013-04-18 08:45:02'),
(21, 0, 12, 'finish', '{"duration":17.237}', '2013-04-18 08:45:03'),
(21, 0, 13, 'start', '', '2013-04-18 08:45:03'),
(21, 0, 14, 'start', '', '2013-04-18 08:45:12'),
(21, 0, 13, 'finish', '{"duration":9.206}', '2013-04-18 08:45:12'),
(21, 0, 14, 'finish', '{"duration":26.112}', '2013-04-18 08:45:38'),
(21, 0, 14, 'finish', '{"duration":26.438}', '2013-04-18 08:45:38'),
(18, 0, 0, 'read', '', '2013-04-18 12:20:38'),
(18, 0, 0, 'start', '', '2013-04-18 12:20:39'),
(18, 0, 0, 'read', '', '2013-04-18 12:21:08'),
(18, 0, 0, 'start', '', '2013-04-18 12:21:08'),
(18, 0, 0, 'read', '', '2013-04-18 12:21:17'),
(18, 0, 0, 'start', '', '2013-04-18 12:21:17'),
(18, 0, 1, 'read', '', '2013-04-18 12:21:18'),
(18, 0, 2, 'read', '', '2013-04-18 12:21:19'),
(18, 0, 3, 'read', '', '2013-04-18 12:21:20'),
(18, 0, 4, 'read', '', '2013-04-18 12:21:21'),
(18, 0, 5, 'read', '', '2013-04-18 12:21:22'),
(18, 0, 6, 'read', '', '2013-04-18 12:21:23'),
(18, 0, 7, 'read', '', '2013-04-18 12:21:24'),
(18, 0, 8, 'read', '', '2013-04-18 12:21:25'),
(18, 0, 9, 'read', '', '2013-04-18 12:21:27'),
(18, 0, 10, 'read', '', '2013-04-18 12:21:28'),
(18, 0, 11, 'read', '', '2013-04-18 12:21:29'),
(18, 0, 12, 'read', '', '2013-04-18 12:21:30'),
(18, 0, 13, 'read', '', '2013-04-18 12:21:31'),
(18, 0, 14, 'read', '', '2013-04-18 12:21:32'),
(18, 0, 0, 'read', '', '2013-04-18 12:21:39'),
(18, 0, 0, 'start', '', '2013-04-18 12:21:39'),
(18, 0, 0, 'read', '', '2013-04-18 12:22:59'),
(18, 0, 0, 'start', '', '2013-04-18 12:22:59'),
(18, 0, 0, 'read', '', '2013-04-18 12:26:28'),
(18, 0, 0, 'start', '', '2013-04-18 12:26:28'),
(18, 0, 1, 'read', '', '2013-04-18 12:26:29'),
(18, 0, 2, 'read', '', '2013-04-18 12:26:30'),
(18, 0, 3, 'read', '', '2013-04-18 12:26:31'),
(18, 0, 4, 'read', '', '2013-04-18 12:26:32'),
(18, 0, 5, 'read', '', '2013-04-18 12:26:33'),
(18, 0, 6, 'read', '', '2013-04-18 12:26:34'),
(18, 0, 7, 'read', '', '2013-04-18 12:26:35'),
(18, 0, 8, 'read', '', '2013-04-18 12:26:36'),
(18, 0, 9, 'read', '', '2013-04-18 12:26:37'),
(18, 0, 10, 'read', '', '2013-04-18 12:26:39'),
(18, 0, 11, 'read', '', '2013-04-18 12:26:40'),
(18, 0, 12, 'read', '', '2013-04-18 12:26:41'),
(18, 0, 13, 'read', '', '2013-04-18 12:26:42'),
(18, 0, 14, 'read', '', '2013-04-18 12:26:43'),
(18, 0, 0, 'read', '', '2013-04-18 12:27:32'),
(18, 0, 0, 'start', '', '2013-04-18 12:27:32'),
(18, 0, 1, 'read', '', '2013-04-18 12:27:33'),
(18, 0, 2, 'read', '', '2013-04-18 12:27:34'),
(18, 0, 3, 'read', '', '2013-04-18 12:27:35'),
(18, 0, 4, 'read', '', '2013-04-18 12:27:37'),
(18, 0, 5, 'read', '', '2013-04-18 12:27:38'),
(18, 0, 6, 'read', '', '2013-04-18 12:27:39'),
(18, 0, 7, 'read', '', '2013-04-18 12:27:40'),
(18, 0, 8, 'read', '', '2013-04-18 12:27:41'),
(18, 0, 9, 'read', '', '2013-04-18 12:27:42'),
(18, 0, 10, 'read', '', '2013-04-18 12:27:43'),
(18, 0, 11, 'read', '', '2013-04-18 12:27:44'),
(18, 0, 12, 'read', '', '2013-04-18 12:27:45'),
(18, 0, 13, 'read', '', '2013-04-18 12:27:46'),
(18, 0, 14, 'read', '', '2013-04-18 12:27:48'),
(18, 0, 0, 'read', '', '2013-04-18 12:29:10');
INSERT INTO `pztl_log` (`user_id`, `race_id`, `stage`, `action`, `data`, `actiondate`) VALUES
(18, 0, 0, 'start', '', '2013-04-18 12:29:10'),
(18, 0, 1, 'read', '', '2013-04-18 12:29:11'),
(18, 0, 2, 'read', '', '2013-04-18 12:29:12'),
(18, 0, 3, 'read', '', '2013-04-18 12:29:13'),
(18, 0, 4, 'read', '', '2013-04-18 12:29:14'),
(18, 0, 5, 'read', '', '2013-04-18 12:29:15'),
(18, 0, 6, 'read', '', '2013-04-18 12:29:16'),
(18, 0, 7, 'read', '', '2013-04-18 12:29:17'),
(18, 0, 8, 'read', '', '2013-04-18 12:29:19'),
(18, 0, 9, 'read', '', '2013-04-18 12:29:20'),
(18, 0, 10, 'read', '', '2013-04-18 12:29:21'),
(18, 0, 11, 'read', '', '2013-04-18 12:29:22'),
(18, 0, 12, 'read', '', '2013-04-18 12:29:23'),
(18, 0, 13, 'read', '', '2013-04-18 12:29:24'),
(18, 0, 14, 'read', '', '2013-04-18 12:29:25'),
(18, 0, 0, 'read', '', '2013-04-18 12:32:38'),
(18, 0, 0, 'start', '', '2013-04-18 12:32:38'),
(18, 0, 0, 'read', '', '2013-04-18 12:37:30'),
(18, 0, 0, 'start', '', '2013-04-18 12:37:30'),
(18, 0, 1, 'read', '', '2013-04-18 12:37:31'),
(18, 0, 2, 'read', '', '2013-04-18 12:37:33'),
(18, 0, 3, 'read', '', '2013-04-18 12:37:34'),
(18, 0, 4, 'read', '', '2013-04-18 12:37:35'),
(18, 0, 5, 'read', '', '2013-04-18 12:37:36'),
(18, 0, 6, 'read', '', '2013-04-18 12:37:37'),
(18, 0, 7, 'read', '', '2013-04-18 12:37:38'),
(18, 0, 8, 'read', '', '2013-04-18 12:37:39'),
(18, 0, 9, 'read', '', '2013-04-18 12:37:40'),
(18, 0, 10, 'read', '', '2013-04-18 12:37:41'),
(18, 0, 11, 'read', '', '2013-04-18 12:37:42'),
(18, 0, 12, 'read', '', '2013-04-18 12:37:44'),
(18, 0, 13, 'read', '', '2013-04-18 12:37:45'),
(18, 0, 14, 'read', '', '2013-04-18 12:37:46'),
(18, 0, 0, 'read', '', '2013-04-18 12:37:54'),
(18, 0, 0, 'start', '', '2013-04-18 12:37:54'),
(18, 0, 1, 'read', '', '2013-04-18 12:37:55'),
(18, 0, 2, 'read', '', '2013-04-18 12:37:57'),
(18, 0, 3, 'read', '', '2013-04-18 12:37:58'),
(18, 0, 4, 'read', '', '2013-04-18 12:37:59'),
(18, 0, 5, 'read', '', '2013-04-18 12:38:00'),
(18, 0, 6, 'read', '', '2013-04-18 12:38:01'),
(18, 0, 7, 'read', '', '2013-04-18 12:38:02'),
(18, 0, 8, 'read', '', '2013-04-18 12:38:03'),
(18, 0, 9, 'read', '', '2013-04-18 12:38:04'),
(18, 0, 10, 'read', '', '2013-04-18 12:38:05'),
(18, 0, 11, 'read', '', '2013-04-18 12:38:06'),
(18, 0, 12, 'read', '', '2013-04-18 12:38:07'),
(18, 0, 13, 'read', '', '2013-04-18 12:38:09'),
(18, 0, 14, 'read', '', '2013-04-18 12:38:10'),
(18, 0, 0, 'read', '', '2013-04-18 12:40:07'),
(18, 0, 0, 'start', '', '2013-04-18 12:40:07'),
(18, 0, 1, 'read', '', '2013-04-18 12:40:08'),
(18, 0, 2, 'read', '', '2013-04-18 12:40:09'),
(18, 0, 3, 'read', '', '2013-04-18 12:40:10'),
(18, 0, 4, 'read', '', '2013-04-18 12:40:12'),
(18, 0, 5, 'read', '', '2013-04-18 12:40:13'),
(18, 0, 6, 'read', '', '2013-04-18 12:40:14'),
(18, 0, 7, 'read', '', '2013-04-18 12:40:15'),
(18, 0, 8, 'read', '', '2013-04-18 12:40:16'),
(18, 0, 9, 'read', '', '2013-04-18 12:40:17'),
(18, 0, 10, 'read', '', '2013-04-18 12:40:18'),
(18, 0, 11, 'read', '', '2013-04-18 12:40:19'),
(18, 0, 12, 'read', '', '2013-04-18 12:40:20'),
(18, 0, 13, 'read', '', '2013-04-18 12:40:21'),
(18, 0, 14, 'read', '', '2013-04-18 12:40:22'),
(18, 0, 0, 'read', '', '2013-04-18 12:41:21'),
(18, 0, 0, 'start', '', '2013-04-18 12:41:22'),
(18, 0, 1, 'read', '', '2013-04-18 12:41:23'),
(18, 0, 2, 'read', '', '2013-04-18 12:41:24'),
(18, 0, 3, 'read', '', '2013-04-18 12:41:25'),
(18, 0, 4, 'read', '', '2013-04-18 12:41:26'),
(18, 0, 5, 'read', '', '2013-04-18 12:41:27'),
(18, 0, 6, 'read', '', '2013-04-18 12:41:28'),
(18, 0, 7, 'read', '', '2013-04-18 12:41:29'),
(18, 0, 8, 'read', '', '2013-04-18 12:41:30'),
(18, 0, 9, 'read', '', '2013-04-18 12:41:31'),
(18, 0, 10, 'read', '', '2013-04-18 12:41:33'),
(18, 0, 11, 'read', '', '2013-04-18 12:41:34'),
(18, 0, 12, 'read', '', '2013-04-18 12:41:35'),
(18, 0, 13, 'read', '', '2013-04-18 12:41:36'),
(18, 0, 14, 'read', '', '2013-04-18 12:41:37'),
(18, 0, 0, 'read', '', '2013-04-18 12:42:24'),
(18, 0, 0, 'start', '', '2013-04-18 12:42:25'),
(18, 0, 1, 'read', '', '2013-04-18 12:42:26'),
(18, 0, 2, 'read', '', '2013-04-18 12:42:27'),
(18, 0, 3, 'read', '', '2013-04-18 12:42:28'),
(18, 0, 4, 'read', '', '2013-04-18 12:42:29'),
(18, 0, 5, 'read', '', '2013-04-18 12:42:30'),
(18, 0, 6, 'read', '', '2013-04-18 12:42:31'),
(18, 0, 7, 'read', '', '2013-04-18 12:42:32'),
(18, 0, 8, 'read', '', '2013-04-18 12:42:33'),
(18, 0, 9, 'read', '', '2013-04-18 12:42:34'),
(18, 0, 10, 'read', '', '2013-04-18 12:42:35'),
(18, 0, 11, 'read', '', '2013-04-18 12:42:37'),
(18, 0, 12, 'read', '', '2013-04-18 12:42:38'),
(18, 0, 13, 'read', '', '2013-04-18 12:42:39'),
(18, 0, 14, 'read', '', '2013-04-18 12:42:40'),
(18, 0, 0, 'read', '', '2013-04-18 13:52:19'),
(18, 0, 0, 'start', '', '2013-04-18 13:52:19'),
(18, 0, 1, 'read', '', '2013-04-18 13:52:20'),
(18, 0, 2, 'read', '', '2013-04-18 13:52:21'),
(18, 0, 3, 'read', '', '2013-04-18 13:52:23'),
(18, 0, 4, 'read', '', '2013-04-18 13:52:24'),
(18, 0, 5, 'read', '', '2013-04-18 13:52:25'),
(18, 0, 6, 'read', '', '2013-04-18 13:52:26'),
(18, 0, 7, 'read', '', '2013-04-18 13:52:27'),
(18, 0, 8, 'read', '', '2013-04-18 13:52:28'),
(18, 0, 9, 'read', '', '2013-04-18 13:52:29'),
(18, 0, 10, 'read', '', '2013-04-18 13:52:30'),
(18, 0, 11, 'read', '', '2013-04-18 13:52:32'),
(18, 0, 12, 'read', '', '2013-04-18 13:52:33'),
(18, 0, 13, 'read', '', '2013-04-18 13:52:34'),
(18, 0, 14, 'read', '', '2013-04-18 13:52:35'),
(21, 0, 0, 'read', '', '2013-04-19 15:57:00'),
(21, 0, 0, 'start', '', '2013-04-19 15:57:00'),
(21, 0, 1, 'read', '', '2013-04-19 15:57:01'),
(21, 0, 2, 'read', '', '2013-04-19 15:57:02'),
(21, 0, 3, 'read', '', '2013-04-19 15:57:03'),
(21, 0, 4, 'read', '', '2013-04-19 15:57:05'),
(21, 0, 5, 'read', '', '2013-04-19 15:57:06'),
(21, 0, 6, 'read', '', '2013-04-19 15:57:07'),
(21, 0, 7, 'read', '', '2013-04-19 15:57:08'),
(21, 0, 8, 'read', '', '2013-04-19 15:57:09'),
(21, 0, 9, 'read', '', '2013-04-19 15:57:10'),
(21, 0, 10, 'read', '', '2013-04-19 15:57:11'),
(21, 0, 11, 'read', '', '2013-04-19 15:57:12'),
(21, 0, 12, 'read', '', '2013-04-19 15:57:13'),
(21, 0, 13, 'read', '', '2013-04-19 15:57:15'),
(21, 0, 14, 'read', '', '2013-04-19 15:57:16'),
(21, 0, 0, 'read', '', '2013-04-23 12:32:51'),
(21, 0, 0, 'start', '', '2013-04-23 12:32:51'),
(21, 0, 1, 'read', '', '2013-04-23 12:32:52'),
(21, 0, 2, 'read', '', '2013-04-23 12:32:53'),
(21, 0, 3, 'read', '', '2013-04-23 12:32:55'),
(21, 0, 4, 'read', '', '2013-04-23 12:32:56'),
(21, 0, 5, 'read', '', '2013-04-23 12:32:57'),
(21, 0, 6, 'read', '', '2013-04-23 12:32:58'),
(21, 0, 7, 'read', '', '2013-04-23 12:32:59'),
(21, 0, 8, 'read', '', '2013-04-23 12:33:00'),
(21, 0, 9, 'read', '', '2013-04-23 12:33:01'),
(21, 0, 10, 'read', '', '2013-04-23 12:33:02'),
(21, 0, 11, 'read', '', '2013-04-23 12:33:04'),
(21, 0, 12, 'read', '', '2013-04-23 12:33:05'),
(21, 0, 13, 'read', '', '2013-04-23 12:33:06'),
(21, 0, 14, 'read', '', '2013-04-23 12:33:07'),
(21, 0, 0, 'finish', '{"duration":35.044}', '2013-04-23 12:33:26'),
(21, 0, 1, 'start', '', '2013-04-23 12:33:26'),
(21, 0, 1, 'start', '', '2013-04-23 12:33:27'),
(21, 0, 0, 'finish', '{"duration":35.438}', '2013-04-23 12:33:27'),
(21, 0, 6, 'start', '', '2013-04-23 12:33:28'),
(21, 0, 1, 'finish', '{"duration":0.61, "missCount": 1}', '2013-04-23 12:33:28'),
(21, 0, 6, 'start', '', '2013-04-23 12:33:28'),
(21, 0, 1, 'finish', '{"duration":1.003, "missCount": 1}', '2013-04-23 12:33:28'),
(21, 0, 7, 'start', '', '2013-04-23 12:33:43'),
(21, 0, 6, 'finish', '{"duration":14.732}', '2013-04-23 12:33:43'),
(21, 0, 6, 'finish', '{"duration":14.961}', '2013-04-23 12:33:43'),
(21, 0, 7, 'start', '', '2013-04-23 12:33:43'),
(18, 1, 0, 'read', '', '2013-04-25 13:59:09'),
(18, 1, 0, 'start', '', '2013-04-25 13:59:09'),
(18, 1, 1, 'read', '', '2013-04-25 13:59:10'),
(18, 1, 2, 'read', '', '2013-04-25 13:59:11'),
(18, 1, 3, 'read', '', '2013-04-25 13:59:12'),
(18, 1, 4, 'read', '', '2013-04-25 13:59:13'),
(18, 1, 5, 'read', '', '2013-04-25 13:59:14'),
(18, 1, 6, 'read', '', '2013-04-25 13:59:15'),
(18, 1, 7, 'read', '', '2013-04-25 13:59:17'),
(18, 1, 8, 'read', '', '2013-04-25 13:59:18'),
(18, 1, 9, 'read', '', '2013-04-25 13:59:19'),
(18, 1, 10, 'read', '', '2013-04-25 13:59:20'),
(18, 1, 11, 'read', '', '2013-04-25 13:59:21'),
(18, 1, 12, 'read', '', '2013-04-25 13:59:22'),
(18, 1, 13, 'read', '', '2013-04-25 13:59:23'),
(18, 1, 14, 'read', '', '2013-04-25 13:59:24'),
(18, 1, 0, 'read', '', '2013-04-25 14:13:49'),
(18, 1, 0, 'start', '', '2013-04-25 14:13:49'),
(18, 1, 1, 'read', '', '2013-04-25 14:13:50'),
(18, 1, 2, 'read', '', '2013-04-25 14:13:51'),
(18, 1, 3, 'read', '', '2013-04-25 14:13:52'),
(18, 1, 4, 'read', '', '2013-04-25 14:13:53'),
(18, 1, 5, 'read', '', '2013-04-25 14:13:54'),
(18, 1, 0, 'read', '', '2013-04-25 14:13:59'),
(18, 1, 0, 'start', '', '2013-04-25 14:13:59'),
(18, 1, 1, 'read', '', '2013-04-25 14:14:00'),
(18, 1, 2, 'read', '', '2013-04-25 14:14:01'),
(18, 1, 3, 'read', '', '2013-04-25 14:14:02'),
(18, 1, 4, 'read', '', '2013-04-25 14:14:03'),
(18, 1, 5, 'read', '', '2013-04-25 14:14:04'),
(18, 1, 6, 'read', '', '2013-04-25 14:14:05'),
(18, 1, 7, 'read', '', '2013-04-25 14:14:06'),
(18, 1, 8, 'read', '', '2013-04-25 14:14:07'),
(18, 1, 0, 'read', '', '2013-04-25 14:14:13'),
(18, 1, 0, 'start', '', '2013-04-25 14:14:13'),
(18, 1, 1, 'read', '', '2013-04-25 14:14:14'),
(18, 1, 2, 'read', '', '2013-04-25 14:14:16'),
(18, 1, 0, 'read', '', '2013-04-25 14:14:19'),
(18, 1, 0, 'start', '', '2013-04-25 14:14:19'),
(18, 1, 1, 'read', '', '2013-04-25 14:14:20'),
(18, 1, 2, 'read', '', '2013-04-25 14:14:21'),
(18, 1, 3, 'read', '', '2013-04-25 14:14:22'),
(18, 1, 4, 'read', '', '2013-04-25 14:14:24'),
(18, 1, 5, 'read', '', '2013-04-25 14:14:25'),
(18, 1, 6, 'read', '', '2013-04-25 14:14:26'),
(18, 1, 7, 'read', '', '2013-04-25 14:14:27'),
(18, 1, 8, 'read', '', '2013-04-25 14:14:28'),
(18, 1, 9, 'read', '', '2013-04-25 14:14:29'),
(18, 1, 10, 'read', '', '2013-04-25 14:14:30'),
(18, 1, 11, 'read', '', '2013-04-25 14:14:31'),
(18, 1, 12, 'read', '', '2013-04-25 14:14:32'),
(18, 1, 13, 'read', '', '2013-04-25 14:14:33'),
(18, 1, 14, 'read', '', '2013-04-25 14:14:35'),
(18, 1, 0, 'read', '', '2013-04-25 14:15:57'),
(18, 1, 0, 'start', '', '2013-04-25 14:15:57'),
(18, 1, 1, 'read', '', '2013-04-25 14:15:58'),
(18, 1, 2, 'read', '', '2013-04-25 14:15:59'),
(18, 1, 3, 'read', '', '2013-04-25 14:16:01'),
(18, 1, 4, 'read', '', '2013-04-25 14:16:02'),
(18, 1, 5, 'read', '', '2013-04-25 14:16:03'),
(18, 1, 6, 'read', '', '2013-04-25 14:16:04'),
(18, 1, 7, 'read', '', '2013-04-25 14:16:05'),
(18, 1, 8, 'read', '', '2013-04-25 14:16:07'),
(18, 1, 9, 'read', '', '2013-04-25 14:16:08'),
(18, 1, 10, 'read', '', '2013-04-25 14:16:09'),
(18, 1, 11, 'read', '', '2013-04-25 14:16:10'),
(18, 1, 12, 'read', '', '2013-04-25 14:16:11'),
(18, 1, 13, 'read', '', '2013-04-25 14:16:12'),
(18, 1, 14, 'read', '', '2013-04-25 14:16:13'),
(18, 1, 0, 'read', '', '2013-04-25 14:23:12'),
(18, 1, 0, 'start', '', '2013-04-25 14:23:12'),
(18, 1, 1, 'read', '', '2013-04-25 14:23:13'),
(18, 1, 2, 'read', '', '2013-04-25 14:23:14'),
(18, 1, 3, 'read', '', '2013-04-25 14:23:15'),
(18, 1, 4, 'read', '', '2013-04-25 14:23:16'),
(18, 1, 5, 'read', '', '2013-04-25 14:23:17'),
(18, 1, 6, 'read', '', '2013-04-25 14:23:18'),
(18, 1, 7, 'read', '', '2013-04-25 14:23:19'),
(18, 1, 8, 'read', '', '2013-04-25 14:23:21'),
(18, 1, 9, 'read', '', '2013-04-25 14:23:22'),
(18, 1, 10, 'read', '', '2013-04-25 14:23:23'),
(18, 1, 11, 'read', '', '2013-04-25 14:23:24'),
(18, 1, 12, 'read', '', '2013-04-25 14:23:25'),
(18, 1, 13, 'read', '', '2013-04-25 14:23:26'),
(18, 1, 14, 'read', '', '2013-04-25 14:23:27'),
(18, 1, 0, 'read', '', '2013-04-25 14:29:16'),
(18, 1, 0, 'start', '', '2013-04-25 14:29:16'),
(18, 1, 1, 'read', '', '2013-04-25 14:29:17'),
(18, 1, 2, 'read', '', '2013-04-25 14:29:18'),
(18, 1, 3, 'read', '', '2013-04-25 14:29:19'),
(18, 1, 4, 'read', '', '2013-04-25 14:29:20'),
(18, 1, 5, 'read', '', '2013-04-25 14:29:21'),
(18, 1, 6, 'read', '', '2013-04-25 14:29:22'),
(18, 1, 7, 'read', '', '2013-04-25 14:29:23'),
(18, 1, 8, 'read', '', '2013-04-25 14:29:24'),
(18, 1, 9, 'read', '', '2013-04-25 14:29:26'),
(18, 1, 10, 'read', '', '2013-04-25 14:29:27'),
(18, 1, 11, 'read', '', '2013-04-25 14:29:28'),
(18, 1, 12, 'read', '', '2013-04-25 14:29:29'),
(18, 1, 13, 'read', '', '2013-04-25 14:29:30'),
(18, 1, 14, 'read', '', '2013-04-25 14:29:31'),
(18, 1, 0, 'read', '', '2013-04-25 14:36:30'),
(18, 1, 0, 'start', '', '2013-04-25 14:36:30'),
(18, 1, 1, 'read', '', '2013-04-25 14:36:31'),
(18, 1, 2, 'read', '', '2013-04-25 14:36:33'),
(18, 1, 3, 'read', '', '2013-04-25 14:36:34'),
(18, 1, 4, 'read', '', '2013-04-25 14:36:35'),
(18, 1, 5, 'read', '', '2013-04-25 14:36:36'),
(18, 1, 6, 'read', '', '2013-04-25 14:36:37'),
(18, 1, 7, 'read', '', '2013-04-25 14:36:38'),
(18, 1, 8, 'read', '', '2013-04-25 14:36:39'),
(18, 1, 9, 'read', '', '2013-04-25 14:36:40'),
(18, 1, 10, 'read', '', '2013-04-25 14:36:41'),
(18, 1, 11, 'read', '', '2013-04-25 14:36:42'),
(18, 1, 12, 'read', '', '2013-04-25 14:36:44'),
(18, 1, 13, 'read', '', '2013-04-25 14:36:45'),
(18, 1, 14, 'read', '', '2013-04-25 14:36:46'),
(18, 1, 0, 'finish', '{"duration":50.198}', '2013-04-25 14:37:21'),
(18, 1, 1, 'start', '', '2013-04-25 14:37:21'),
(18, 1, 0, 'finish', '{"duration":50.425}', '2013-04-25 14:37:21'),
(18, 1, 1, 'start', '', '2013-04-25 14:37:21'),
(18, 1, 1, 'finish', '{"duration":0.78, "missCount": 4}', '2013-04-25 14:37:22'),
(18, 1, 3, 'start', '', '2013-04-25 14:37:22'),
(18, 1, 1, 'finish', '{"duration":1.003, "missCount": 4}', '2013-04-25 14:37:22'),
(18, 1, 3, 'start', '', '2013-04-25 14:37:22'),
(19, 1, 0, 'read', '', '2013-04-25 14:39:19'),
(19, 1, 0, 'start', '', '2013-04-25 14:39:19'),
(19, 1, 1, 'read', '', '2013-04-25 14:39:20'),
(19, 1, 2, 'read', '', '2013-04-25 14:39:21'),
(19, 1, 3, 'read', '', '2013-04-25 14:39:22'),
(19, 1, 4, 'read', '', '2013-04-25 14:39:23'),
(19, 1, 5, 'read', '', '2013-04-25 14:39:24'),
(19, 1, 6, 'read', '', '2013-04-25 14:39:25'),
(19, 1, 7, 'read', '', '2013-04-25 14:39:26'),
(19, 1, 8, 'read', '', '2013-04-25 14:39:28'),
(19, 1, 9, 'read', '', '2013-04-25 14:39:29'),
(19, 1, 10, 'read', '', '2013-04-25 14:39:30'),
(19, 1, 11, 'read', '', '2013-04-25 14:39:31'),
(19, 1, 12, 'read', '', '2013-04-25 14:39:32'),
(19, 1, 13, 'read', '', '2013-04-25 14:39:33'),
(19, 1, 14, 'read', '', '2013-04-25 14:39:34'),
(19, 1, 1, 'start', '', '2013-04-25 14:41:25'),
(19, 1, 0, 'finish', '{"duration":126.124}', '2013-04-25 14:41:25'),
(19, 1, 1, 'finish', '{"duration":1, "missCount": 5}', '2013-04-25 14:41:26'),
(19, 1, 2, 'start', '', '2013-04-25 14:41:26'),
(19, 1, 3, 'start', '', '2013-04-25 14:42:28'),
(19, 1, 2, 'finish', '{"duration":61.903}', '2013-04-25 14:42:28'),
(21, 0, 0, 'read', '', '2013-05-18 14:14:37'),
(21, 0, 0, 'start', '', '2013-05-18 14:14:37'),
(21, 0, 1, 'read', '', '2013-05-18 14:14:39'),
(21, 0, 2, 'read', '', '2013-05-18 14:14:40'),
(21, 0, 3, 'read', '', '2013-05-18 14:14:41'),
(21, 0, 4, 'read', '', '2013-05-18 14:14:42'),
(21, 0, 5, 'read', '', '2013-05-18 14:14:43'),
(21, 0, 6, 'read', '', '2013-05-18 14:14:44'),
(21, 0, 7, 'read', '', '2013-05-18 14:14:45'),
(21, 0, 8, 'read', '', '2013-05-18 14:14:46'),
(21, 0, 9, 'read', '', '2013-05-18 14:14:48'),
(21, 0, 10, 'read', '', '2013-05-18 14:14:49'),
(21, 0, 11, 'read', '', '2013-05-18 14:14:50'),
(21, 0, 12, 'read', '', '2013-05-18 14:14:51'),
(21, 0, 13, 'read', '', '2013-05-18 14:14:52'),
(21, 0, 14, 'read', '', '2013-05-18 14:14:53'),
(21, 0, 0, 'read', '', '2013-05-18 14:36:32'),
(21, 0, 0, 'start', '', '2013-05-18 14:36:32'),
(21, 0, 1, 'read', '', '2013-05-18 14:36:33'),
(21, 0, 2, 'read', '', '2013-05-18 14:36:34'),
(21, 0, 3, 'read', '', '2013-05-18 14:36:35'),
(21, 0, 4, 'read', '', '2013-05-18 14:36:36'),
(21, 0, 5, 'read', '', '2013-05-18 14:36:38'),
(21, 0, 6, 'read', '', '2013-05-18 14:36:39'),
(21, 0, 7, 'read', '', '2013-05-18 14:36:40'),
(21, 0, 8, 'read', '', '2013-05-18 14:36:41'),
(21, 0, 9, 'read', '', '2013-05-18 14:36:42'),
(21, 0, 10, 'read', '', '2013-05-18 14:36:43'),
(21, 0, 11, 'read', '', '2013-05-18 14:36:44'),
(21, 0, 12, 'read', '', '2013-05-18 14:36:45'),
(21, 0, 13, 'read', '', '2013-05-18 14:36:46'),
(21, 0, 14, 'read', '', '2013-05-18 14:36:47'),
(21, 0, 1, 'start', '', '2013-05-18 14:40:25'),
(21, 0, 0, 'finish', '{"duration":232.784}', '2013-05-18 14:40:25'),
(21, 0, 1, 'finish', '{"duration":0.998, "missCount": 1}', '2013-05-18 14:40:26'),
(21, 0, 6, 'start', '', '2013-05-18 14:40:26');

-- --------------------------------------------------------

--
-- Структура таблицы `pztl_puzzles`
--

CREATE TABLE IF NOT EXISTS `pztl_puzzles` (
  `id` bigint(20) unsigned NOT NULL AUTO_INCREMENT,
  `race_id` bigint(20) NOT NULL DEFAULT '-1',
  `puzzle_type` bigint(20) NOT NULL,
  `desc` varchar(100) COLLATE utf8_unicode_ci NOT NULL,
  `stage_num` int(2) DEFAULT NULL,
  `stage_type` bigint(20) DEFAULT NULL,
  `puzzle_data` longtext COLLATE utf8_unicode_ci NOT NULL,
  PRIMARY KEY (`id`),
  UNIQUE KEY `id` (`id`),
  KEY `race_id` (`race_id`)
) ENGINE=MyISAM  DEFAULT CHARSET=utf8 COLLATE=utf8_unicode_ci AUTO_INCREMENT=32 ;

--
-- Дамп данных таблицы `pztl_puzzles`
--

INSERT INTO `pztl_puzzles` (`id`, `race_id`, `puzzle_type`, `desc`, `stage_num`, `stage_type`, `puzzle_data`) VALUES
(1, 0, 3, '8x8 Every second turn', 0, 1, '{\n  "size":  8 ,\n  "whitecircles": [\n    {\n      "r": 0 , "c": 2 \n    },\n    {\n      "r": 0 , "c": 4 \n    },\n    {\n      "r": 0 , "c": 7 \n    },\n    {\n      "r": 1 , "c": 1 \n    },\n    {\n      "r": 1 , "c": 5 \n    },\n    {\n      "r": 1 , "c": 6 \n    },\n    {\n      "r": 2 , "c": 2 \n    },\n    {\n      "r": 2 , "c": 4 \n    },\n    {\n      "r": 2 , "c": 7 \n    },\n    {\n      "r": 3 , "c": 1 \n    },\n    {\n      "r": 3 , "c": 5 \n    },\n    {\n      "r": 4 , "c": 3 \n    },\n    {\n      "r": 4 , "c": 5 \n    },\n    {\n      "r": 4 , "c": 7 \n    },\n    {\n      "r": 5 , "c": 0 \n    },\n    {\n      "r": 5 , "c": 2 \n    },\n    {\n      "r": 5 , "c": 6 \n    },\n    {\n      "r": 6 , "c": 1 \n    },\n    {\n      "r": 6 , "c": 4 \n    },\n    {\n      "r": 6 , "c": 5 \n    },\n    {\n      "r": 7 , "c": 0 \n    },\n    {\n      "r": 7 , "c": 3 \n    },\n    {\n      "r": 7 , "c": 6 \n    }\n  ],\n  "answerValue": "1b5b7818053bfea081c7d8156b033873"\n}'),
(2, 0, 5, '5x5 Irregular sudoku', 1, 2, '{\n  "size":  5 ,\n   "rows": [\n    {\n      "cells": [ 1 , 1 , 1 , 2 , 2 ]\n    },\n    {\n      "cells": [ 1 , 1 , 3 , 2 , 2 ]\n    },\n    {\n      "cells": [ 4 , 3 , 3 , 3 , 2 ]\n    },\n    {\n      "cells": [ 4 , 4 , 3 , 5 , 5 ]\n    },\n    {\n      "cells": [ 4 , 4 , 5 , 5 , 5 ]\n    }\n  ],\n  "clues": [\n    {\n      "r": 0 , "c": 2 , "v": 1 \n    },\n    {\n      "r": 0 , "c": 4 , "v": 5 \n    },\n    {\n      "r": 2 , "c": 0 , "v": 5 \n    },\n    {\n      "r": 2 , "c": 4 , "v": 4 \n    },\n    {\n      "r": 4 , "c": 0 , "v": 4 \n    },\n    {\n      "r": 4 , "c": 2 , "v": 2 \n    }\n  ],\n  "goals": [\n    {\n      "r": 0 , "c": 0 , "v":"21ab14cf7e8b30af0299c634785a5782"\n    },\n    {\n      "r": 1 , "c": 1 , "v":"35f93594c8070845ec63b02125c6445a"\n    },\n    {\n      "r": 2 , "c": 2 , "v":"5c960b2e285107aff4a29ddbc53aa94e"\n    },\n    {\n      "r": 3 , "c": 3 , "v":"6c7ad2f62b6c2e570f3f66bf94445d25"\n    },\n    {\n      "r": 4 , "c": 4 , "v":"295cb39943abf863145aa8fccfc4f02a"\n    }\n  ]\n}\n'),
(3, 0, 1, '8x8 Masyu', 7, 3, '{\r\n  "size":  8 ,\r\n  "whitecircles": [\r\n    {\r\n      "r": 0 , "c": 2 \r\n    },\r\n    {\r\n      "r": 1 , "c": 5 \r\n    },\r\n    {\r\n      "r": 1 , "c": 7 \r\n    },\r\n    {\r\n      "r": 3 , "c": 1 \r\n    },\r\n    {\r\n      "r": 3 , "c": 2 \r\n    },\r\n    {\r\n      "r": 4 , "c": 7 \r\n    },\r\n    {\r\n      "r": 5 , "c": 2 \r\n    },\r\n    {\r\n      "r": 5 , "c": 3 \r\n    },\r\n    {\r\n      "r": 5 , "c": 4 \r\n    },\r\n    {\r\n      "r": 6 , "c": 0 \r\n    },\r\n    {\r\n      "r": 6 , "c": 2 \r\n    },\r\n    {\r\n      "r": 7 , "c": 5 \r\n    }\r\n  ],\r\n  "blackcircles": [\r\n    {\r\n      "r": 2 , "c": 0 \r\n    },\r\n    {\r\n      "r": 3 , "c": 4\r\n    },\r\n    {\r\n      "r": 6 , "c": 5 \r\n    }\r\n  ],\r\n  "answerValue": "0ec6bf306c979d27ba24dd2e6204bca2"\r\n}\r\n'),
(4, 0, 2, '7x7 Simple loop', 2, 10, '{\r\n  "size":  7 ,\r\n  "obstacles": [\r\n    {\r\n      "r": 0 , "c": 3 \r\n    },\r\n    {\r\n      "r": 2 , "c": 0 \r\n    },\r\n    {\r\n      "r": 2 , "c": 3 \r\n    },\r\n    {\r\n      "r": 2 , "c": 6 \r\n    },\r\n    {\r\n      "r": 4 , "c": 1 \r\n    },\r\n    {\r\n      "r": 4 , "c": 2 \r\n    },\r\n    {\r\n      "r": 5 , "c": 4 \r\n    },\r\n    {\r\n      "r": 6 , "c": 2 \r\n    },\r\n    {\r\n      "r": 6 , "c": 6 \r\n    }\r\n  ],\r\n  "answerValue": "09b9b38f137672a391daa9e1b42aa1be"\r\n}\r\n'),
(5, 0, 2, '7x7 Simple loop', 3, 10, '{\r\n  "size":  7 ,\r\n  "obstacles": [\r\n    {\r\n      "r": 0 , "c": 2 \r\n    },\r\n    {\r\n      "r": 1 , "c": 4 \r\n    },\r\n    {\r\n      "r": 2 , "c": 2 \r\n    },\r\n    {\r\n      "r": 3 , "c": 0 \r\n    },\r\n    {\r\n      "r": 3 , "c": 5 \r\n    },\r\n    {\r\n      "r": 4 , "c": 2 \r\n    },\r\n    {\r\n      "r": 5 , "c": 4 \r\n    }\r\n  ],\r\n  "answerValue": "525671b902ef81f62c40436d0a060156"\r\n}\r\n'),
(6, 0, 2, '7x7 Simple loop', 4, 10, '{\r\n  "size":  7 ,\r\n  "obstacles": [\r\n    {\r\n      "r": 0 , "c": 4 \r\n    },\r\n    {\r\n      "r": 1 , "c": 4 \r\n    },\r\n    {\r\n      "r": 2 , "c": 1 \r\n    },\r\n    {\r\n      "r": 3 , "c": 5 \r\n    },\r\n    {\r\n      "r": 4 , "c": 2 \r\n    },\r\n    {\r\n      "r": 5 , "c": 1 \r\n    },\r\n    {\r\n      "r": 5 , "c": 4 \r\n    }\r\n  ],\r\n  "answerValue": "971be767ea3ae57eb2502a3b5f8a3789"\r\n}\r\n'),
(7, 0, 2, '7x7 Simple loop', 5, 10, '{\n  "size":  7 ,\n  "obstacles": [\n    {\n      "r": 1 , "c": 3 \n    },\n    {\n      "r": 2 , "c": 5 \n    },\n    {\n      "r": 3 , "c": 0 \n    },\n    {\n      "r": 3 , "c": 3 \n    },\n    {\n      "r": 3 , "c": 5 \n    },\n    {\n      "r": 4 , "c": 2 \n    },\n    {\n      "r": 5 , "c": 4 \n    }\n  ],\n  "answerValue": "83501afb524db2bc2628e439a3547c48"\n}\n'),
(8, 0, 2, '7x7 Simple loop', 6, 10, '{\n  "size":  7 ,\n  "obstacles": [\n    {\n      "r": 0 , "c": 3 \n    },\n    {\n      "r": 0 , "c": 4 \n    },\n    {\n      "r": 2 , "c": 0 \n    },\n    {\n      "r": 2 , "c": 2 \n    },\n    {\n      "r": 2 , "c": 3 \n    },\n    {\n      "r": 3 , "c": 5 \n    },\n    {\n      "r": 4 , "c": 5 \n    },\n    {\n      "r": 5 , "c": 2 \n    },\n    {\n      "r": 6 , "c": 4 \n    }\n  ],\n  "answerValue": "fc5f1199adc93bd3072a26b5f766b86c"\n}\n'),
(9, 0, 5, '5x5 Irregular sudoku', 8, 4, '{\n  "size":  5 ,\n  "rows": [\n    {\n      "cells": [ 1 , 1 , 1 , 1 , 2 ]\n    },\n    {\n      "cells": [ 3 , 3 , 4 , 1 , 2 ]\n    },\n    {\n      "cells": [ 3 , 4 , 4 , 4 , 2 ]\n    },\n    {\n      "cells": [ 3 , 5 , 4 , 2 , 2 ]\n    },\n    {\n      "cells": [ 3 , 5 , 5 , 5 , 5 ]\n    }\n  ],\n  "clues": [\n    {\n      "r": 0 , "c": 0 , "v": 3 \n    },\n    {\n      "r": 0 , "c": 3 , "v": 5 \n    },\n    {\n      "r": 0 , "c": 4 , "v": 1 \n    },\n    {\n      "r": 1 , "c": 2 , "v": 5 \n    },\n    {\n      "r": 3 , "c": 2 , "v": 3 \n    },\n    {\n      "r": 4 , "c": 0 , "v": 4 \n    },\n    {\n      "r": 4 , "c": 1 , "v": 5 \n    },\n    {\n      "r": 4 , "c": 4 , "v": 2 \n    }\n  ],\n  "goals": [\n    {\n      "r": 1 , "c": 0 , "v":"09e0f3e75e95d625739016cc0a5705ed"\n    },\n    {\n      "r": 1 , "c": 1 , "v":"82e7ab1e868d56ac5706ab75bace8d6c"\n    },\n    {\n      "r": 2 , "c": 2 , "v":"e6a301a7d62dd2b668a89d86c821b664"\n    },\n    {\n      "r": 3 , "c": 3 , "v":"e327537f29c21b9a76e04ae5e27cd532"\n    },\n    {\n      "r": 3 , "c": 4 , "v":"d9d309a3709660f85351ae0bff0f1773"\n    }\n  ]\n}\n'),
(10, 0, 2, '7x7 Simple loop', 9, 10, '{\r\n  "size":  7 ,\r\n  "obstacles": [\r\n    {\r\n      "r": 0 , "c": 6 \r\n    },\r\n    {\r\n      "r": 1 , "c": 1 \r\n    },\r\n    {\r\n      "r": 1 , "c": 2 \r\n    },\r\n    {\r\n      "r": 2 , "c": 4 \r\n    },\r\n    {\r\n      "r": 3 , "c": 2 \r\n    },\r\n    {\r\n      "r": 4 , "c": 0 \r\n    },\r\n    {\r\n      "r": 4 , "c": 5 \r\n    },\r\n    {\r\n      "r": 5 , "c": 2 \r\n    },\r\n    {\r\n      "r": 5 , "c": 3 \r\n    }\r\n  ],\r\n  "answerValue": "9f802ce13ff5b6c24790e7fde31007c0"\r\n}\r\n'),
(11, 0, 2, '7x7 Simple loop', 10, 10, '{\r\n  "size":  7 ,\r\n  "obstacles": [\r\n    {\r\n      "r": 0 , "c": 2 \r\n    },\r\n    {\r\n      "r": 1 , "c": 4 \r\n    },\r\n    {\r\n      "r": 3 , "c": 0 \r\n    },\r\n    {\r\n      "r": 3 , "c": 1 \r\n    },\r\n    {\r\n      "r": 4 , "c": 5 \r\n    },\r\n    {\r\n      "r": 4 , "c": 6 \r\n    },\r\n    {\r\n      "r": 5 , "c": 1 \r\n    }\r\n  ],\r\n  "answerValue": "6d71f5393fa8f39ce4b73eb9edf0cdcf"\r\n}\r\n'),
(12, 0, 2, '7x7 Simple loop', 11, 10, '{\r\n  "size":  7 ,\r\n  "obstacles": [\r\n    {\r\n      "r": 0 , "c": 6 \r\n    },\r\n    {\r\n      "r": 1 , "c": 3 \r\n    },\r\n    {\r\n      "r": 1 , "c": 4 \r\n    },\r\n    {\r\n      "r": 2 , "c": 0 \r\n    },\r\n    {\r\n      "r": 2 , "c": 1 \r\n    },\r\n    {\r\n      "r": 3 , "c": 4 \r\n    },\r\n    {\r\n      "r": 4 , "c": 2 \r\n    },\r\n    {\r\n      "r": 4 , "c": 3 \r\n    },\r\n    {\r\n      "r": 5 , "c": 5 \r\n    }\r\n  ],\r\n  "answerValue": "a84d77fdd947dc1ad27449f4a8d023d5"\r\n}\r\n'),
(13, 0, 2, '7x7 Simple loop', 12, 10, '{\n  "size":  7 ,\n  "obstacles": [\n    {\n      "r": 0 , "c": 6 \n    },\n    {\n      "r": 1 , "c": 2 \n    },\n    {\n      "r": 2 , "c": 5 \n    },\n    {\n      "r": 3 , "c": 1 \n    },\n    {\n      "r": 4 , "c": 4 \n    },\n    {\n      "r": 5 , "c": 2 \n    },\n    {\n      "r": 6 , "c": 4 \n    }\n  ],\n  "answerValue": "1b5b7b102438a5ae0814a2f0aea6603c"\n}\n'),
(14, 0, 2, '7x7 Simple loop', 13, 10, '{\n  "size":  7 ,\n  "obstacles": [\n    {\n      "r": 0 , "c": 4 \n    },\n    {\n      "r": 1 , "c": 2 \n    },\n    {\n      "r": 3 , "c": 4 \n    },\n    {\n      "r": 3 , "c": 5 \n    },\n    {\n      "r": 3 , "c": 6 \n    },\n    {\n      "r": 4 , "c": 0 \n    },\n    {\n      "r": 4 , "c": 2 \n    },\n    {\n      "r": 5 , "c": 4 \n    },\n    {\n      "r": 6 , "c": 6 \n    }\n  ],\n  "answerValue": "9669da2e8d3d3031c9c0362c5af72817"\n}\n'),
(15, 0, 7, '6x6 Alternative loop', 14, 5, '{\n  "size":  6 ,\n  "whitecircles": [\n    {\n      "r": 4 , "c": 0 \n    },\n    {\n      "r": 4 , "c": 1 \n    },\n    {\n      "r": 4 , "c": 3 \n    }\n  ],\n  "blackcircles": [\n    {\n      "r": 0 , "c": 5 \n    },\n    {\n      "r": 1 , "c": 1 \n    },\n    {\n      "r": 2 , "c": 0 \n    }\n  ],\n  "answerValue": "c98dfd108aabe5937750649086e59803"\n}\n'),
(17, 1, 3, '10x10 Railways', 0, 1, '{\n  "size":  10 ,\n  "clues": [\n    {\n      "r": 5 , "c": 9 , "v": 1 \n    },\n    {\n      "r": 8 , "c": 4 , "v": 2 \n    },\n    {\n      "r": 6 , "c": 7 , "v": 3 \n    },\n    {\n      "r": 3 , "c": 6 , "v": 4 \n    },\n    {\n      "r": 4 , "c": 4 , "v": 5 \n    },\n    {\n      "r": 2 , "c": 9 , "v": 6 \n    },\n    {\n      "r": 0 , "c": 6 , "v": 7 \n    },\n    {\n      "r": 1 , "c": 1 , "v": 8 \n    },\n    {\n      "r": 3 , "c": 3 , "v": 9 \n    },\n    {\n      "r": 3 , "c": 0 , "v": 10 \n    },\n    {\n      "r": 7 , "c": 2 , "v": 11 \n    },\n    {\n      "r": 7 , "c": 4 , "v": 12 \n    }\n  ],\n  "crossings": [\n    {\n      "r": 1 , "c": 3 \n    },\n    {\n      "r": 2 , "c": 5 \n    },\n    {\n      "r": 5 , "c": 2 \n    },\n    {\n      "r": 5 , "c": 7 \n    },\n    {\n      "r": 6 , "c": 2 \n    },\n    {\n      "r": 8 , "c": 7 \n    }\n  ],\n  "answerValue": "063bb6dbdce65b43e214863e7d736c7e"\n}\n'),
(18, 1, 4, '6x6 Sudoku', 1, 2, '{\n  "size":  6 ,\n  "regular": false,\n  "rows": [\n    {\n      "cells": [ 1 , 1 , 1 , 2 , 2 , 2 ]\n    },\n    {\n      "cells": [ 1 , 1 , 1 , 2 , 2 , 2 ]\n    },\n    {\n      "cells": [ 3 , 3 , 3 , 4 , 4 , 4 ]\n    },\n    {\n      "cells": [ 3 , 3 , 3 , 4 , 4 , 4 ]\n    },\n    {\n      "cells": [ 5 , 5 , 5 , 6 , 6 , 6 ]\n    },\n    {\n      "cells": [ 5 , 5 , 5 , 6 , 6 , 6 ]\n    }\n  ],\n  "clues": [\n    {\n      "r": 0 , "c": 1 , "v": 1 \n    },\n    {\n      "r": 1 , "c": 0 , "v": 4 \n    },\n    {\n      "r": 1 , "c": 2 , "v": 2 \n    },\n    {\n      "r": 1 , "c": 4 , "v": 3 \n    },\n    {\n      "r": 2 , "c": 1 , "v": 3 \n    },\n    {\n      "r": 2 , "c": 3 , "v": 6 \n    },\n    {\n      "r": 3 , "c": 2 , "v": 4 \n    },\n    {\n      "r": 3 , "c": 4 , "v": 5 \n    },\n    {\n      "r": 4 , "c": 1 , "v": 5 \n    },\n    {\n      "r": 4 , "c": 3 , "v": 3 \n    },\n    {\n      "r": 4 , "c": 5 , "v": 6 \n    },\n    {\n      "r": 5 , "c": 4 , "v": 1 \n    }\n  ],\n  "goals": [\n    {\n      "r": 0 , "c": 4 , "v":"0baf0c60e4af3c046be266d39f003b2c"\n    },\n    {\n      "r": 1 , "c": 3 , "v":"dea8e7bb6d1c9830de51e3f43862fae4"\n    },\n    {\n      "r": 2 , "c": 2 , "v":"38f158234cbfaa0e298aee04c71a1ab0"\n    },\n    {\n      "r": 3 , "c": 1 , "v":"69c142d9d9cbb89b9e681274f4f72802"\n    },\n    {\n      "r": 4 , "c": 0 , "v":"24e324a7f213269ea49590fbac28887b"\n    }\n  ]\n}\n'),
(19, 1, 2, '10x10 Simple loop', 2, 10, '{\n  "size":  10 ,\n  "obstacles": [\n    {\n      "r": 0 , "c": 2 \n    },\n    {\n      "r": 0 , "c": 6 \n    },\n    {\n      "r": 1 , "c": 4 \n    },\n    {\n      "r": 2 , "c": 5 \n    },\n    {\n      "r": 3 , "c": 0 \n    },\n    {\n      "r": 3 , "c": 3 \n    },\n    {\n      "r": 4 , "c": 5 \n    },\n    {\n      "r": 4 , "c": 7 \n    },\n    {\n      "r": 5 , "c": 3 \n    },\n    {\n      "r": 5 , "c": 9 \n    },\n    {\n      "r": 6 , "c": 2 \n    },\n    {\n      "r": 6 , "c": 5 \n    },\n    {\n      "r": 8 , "c": 4 \n    },\n    {\n      "r": 9 , "c": 0 \n    },\n    {\n      "r": 9 , "c": 4 \n    },\n    {\n      "r": 9 , "c": 7 \n    }\n  ],\n  "answerValue": "da498947a34cbced52bf4d7f5cc0b410"\n}\n'),
(20, 1, 2, '10x10 Simple loop', 3, 10, '{\n  "size":  10 ,\n  "obstacles": [\n    {\n      "r": 0 , "c": 4 \n    },\n    {\n      "r": 0 , "c": 9 \n    },\n    {\n      "r": 1 , "c": 9 \n    },\n    {\n      "r": 2 , "c": 1 \n    },\n    {\n      "r": 2 , "c": 5 \n    },\n    {\n      "r": 2 , "c": 7 \n    },\n    {\n      "r": 3 , "c": 3 \n    },\n    {\n      "r": 4 , "c": 2 \n    },\n    {\n      "r": 4 , "c": 7 \n    },\n    {\n      "r": 5 , "c": 0 \n    },\n    {\n      "r": 5 , "c": 5 \n    },\n    {\n      "r": 6 , "c": 2 \n    },\n    {\n      "r": 6 , "c": 8 \n    },\n    {\n      "r": 7 , "c": 8 \n    },\n    {\n      "r": 8 , "c": 4 \n    },\n    {\n      "r": 9 , "c": 2 \n    }\n  ],\n  "answerValue": "c79457084d06a8e4c39dbc403b3a58a7"\n}\n'),
(21, 1, 2, '10x10 Simple loop', 4, 10, '{\n  "size":  10 ,\n  "obstacles": [\n    {\n      "r": 0 , "c": 0 \n    },\n    {\n      "r": 0 , "c": 9 \n    },\n    {\n      "r": 2 , "c": 3 \n    },\n    {\n      "r": 2 , "c": 5 \n    },\n    {\n      "r": 4 , "c": 8 \n    },\n    {\n      "r": 5 , "c": 0 \n    },\n    {\n      "r": 5 , "c": 3 \n    },\n    {\n      "r": 5 , "c": 5 \n    },\n    {\n      "r": 5 , "c": 7 \n    },\n    {\n      "r": 7 , "c": 1 \n    },\n    {\n      "r": 8 , "c": 5 \n    },\n    {\n      "r": 8 , "c": 7 \n    },\n    {\n      "r": 9 , "c": 2 \n    },\n    {\n      "r": 9 , "c": 7 \n    }\n  ],\n  "answerValue": "74e225b2792af483c66222b03b08c54a"\n}\n'),
(22, 1, 2, '10x10 Simple loop', 5, 10, '{\n  "size":  10 ,\n  "obstacles": [\n    {\n      "r": 0 , "c": 4 \n    },\n    {\n      "r": 0 , "c": 9 \n    },\n    {\n      "r": 1 , "c": 9 \n    },\n    {\n      "r": 2 , "c": 1 \n    },\n    {\n      "r": 2 , "c": 5 \n    },\n    {\n      "r": 2 , "c": 7 \n    },\n    {\n      "r": 3 , "c": 3 \n    },\n    {\n      "r": 4 , "c": 2 \n    },\n    {\n      "r": 4 , "c": 7 \n    },\n    {\n      "r": 5 , "c": 0 \n    },\n    {\n      "r": 5 , "c": 5 \n    },\n    {\n      "r": 6 , "c": 2 \n    },\n    {\n      "r": 6 , "c": 8 \n    },\n    {\n      "r": 7 , "c": 8 \n    },\n    {\n      "r": 8 , "c": 4 \n    },\n    {\n      "r": 9 , "c": 2 \n    }\n  ],\n  "answerValue": "c79457084d06a8e4c39dbc403b3a58a7"\n}\n'),
(23, 1, 2, '10x10 Simple loop', 6, 10, '{\n  "size":  10 ,\n  "obstacles": [\n    {\n      "r": 0 , "c": 2 \n    },\n    {\n      "r": 0 , "c": 6 \n    },\n    {\n      "r": 1 , "c": 4 \n    },\n    {\n      "r": 2 , "c": 5 \n    },\n    {\n      "r": 3 , "c": 0 \n    },\n    {\n      "r": 3 , "c": 3 \n    },\n    {\n      "r": 4 , "c": 5 \n    },\n    {\n      "r": 4 , "c": 7 \n    },\n    {\n      "r": 5 , "c": 3 \n    },\n    {\n      "r": 5 , "c": 9 \n    },\n    {\n      "r": 6 , "c": 2 \n    },\n    {\n      "r": 6 , "c": 5 \n    },\n    {\n      "r": 8 , "c": 4 \n    },\n    {\n      "r": 9 , "c": 0 \n    },\n    {\n      "r": 9 , "c": 4 \n    },\n    {\n      "r": 9 , "c": 7 \n    }\n  ],\n  "answerValue": "da498947a34cbced52bf4d7f5cc0b410"\n}\n'),
(24, 1, 1, '14x14 Masyu', 7, 3, '{\n  "size":  14 ,\n  "whitecircles": [\n    {\n      "r": 1 , "c": 3 \n    },\n    {\n      "r": 1 , "c": 5 \n    },\n    {\n      "r": 2 , "c": 4 \n    },\n    {\n      "r": 3 , "c": 0 \n    },\n    {\n      "r": 3 , "c": 6 \n    },\n    {\n      "r": 4 , "c": 1 \n    },\n    {\n      "r": 4 , "c": 7 \n    },\n    {\n      "r": 5 , "c": 2 \n    },\n    {\n      "r": 5 , "c": 8 \n    },\n    {\n      "r": 6 , "c": 3 \n    },\n    {\n      "r": 6 , "c": 9 \n    },\n    {\n      "r": 6 , "c": 13 \n    },\n    {\n      "r": 7 , "c": 4 \n    },\n    {\n      "r": 7 , "c": 10 \n    },\n    {\n      "r": 8 , "c": 5 \n    },\n    {\n      "r": 8 , "c": 11 \n    },\n    {\n      "r": 9 , "c": 0 \n    },\n    {\n      "r": 9 , "c": 6 \n    },\n    {\n      "r": 9 , "c": 12 \n    },\n    {\n      "r": 10 , "c": 4 \n    },\n    {\n      "r": 10 , "c": 7 \n    },\n    {\n      "r": 10 , "c": 13 \n    },\n    {\n      "r": 11 , "c": 8 \n    },\n    {\n      "r": 12 , "c": 3 \n    },\n    {\n      "r": 13 , "c": 7 \n    }\n  ],\n  "blackcircles": [\n    {\n      "r": 0 , "c": 1 \n    },\n    {\n      "r": 2 , "c": 7 \n    },\n    {\n      "r": 3 , "c": 3 \n    },\n    {\n      "r": 4 , "c": 4 \n    },\n    {\n      "r": 4 , "c": 9 \n    },\n    {\n      "r": 5 , "c": 5 \n    },\n    {\n      "r": 6 , "c": 6 \n    },\n    {\n      "r": 6 , "c": 11 \n    },\n    {\n      "r": 7 , "c": 1 \n    },\n    {\n      "r": 7 , "c": 7 \n    },\n    {\n      "r": 8 , "c": 8 \n    },\n    {\n      "r": 9 , "c": 3 \n    },\n    {\n      "r": 9 , "c": 9 \n    },\n    {\n      "r": 10 , "c": 10 \n    },\n    {\n      "r": 11 , "c": 5 \n    },\n    {\n      "r": 11 , "c": 11 \n    },\n    {\n      "r": 12 , "c": 1 \n    }\n  ],\n  "answerValue": "f960529134084128c4cff42a54c0565c"\n}\n'),
(25, 1, 5, '6x6 Irregular sudoku', 8, 4, '{\n  "size":  6 ,\n  "regular": false,\n  "rows": [\n    {\n      "cells": [ 1 , 1 , 2 , 3 , 3 , 3 ]\n    },\n    {\n      "cells": [ 1 , 1 , 2 , 3 , 3 , 3 ]\n    },\n    {\n      "cells": [ 1 , 1 , 2 , 4 , 4 , 4 ]\n    },\n    {\n      "cells": [ 2 , 2 , 2 , 4 , 5 , 5 ]\n    },\n    {\n      "cells": [ 6 , 6 , 6 , 4 , 5 , 5 ]\n    },\n    {\n      "cells": [ 6 , 6 , 6 , 4 , 5 , 5 ]\n    }\n  ],\n  "clues": [\n    {\n      "r": 0 , "c": 5 , "v": 5 \n    },\n    {\n      "r": 1 , "c": 3 , "v": 4 \n    },\n    {\n      "r": 1 , "c": 4 , "v": 1 \n    },\n    {\n      "r": 1 , "c": 5 , "v": 2 \n    },\n    {\n      "r": 2 , "c": 0 , "v": 6 \n    },\n    {\n      "r": 3 , "c": 5 , "v": 6 \n    },\n    {\n      "r": 4 , "c": 0 , "v": 3 \n    },\n    {\n      "r": 4 , "c": 1 , "v": 6 \n    },\n    {\n      "r": 4 , "c": 2 , "v": 5 \n    },\n    {\n      "r": 5 , "c": 0 , "v": 1 \n    }\n  ],\n  "goals": [\n    {\n      "r": 0 , "c": 1 , "v":"789e2d16f7d81ec94dafc95598ecbf05"\n    },\n    {\n      "r": 1 , "c": 2 , "v":"05e1f0e918b076d299bdcad536eaf7c3"\n    },\n    {\n      "r": 2 , "c": 3 , "v":"22ce9233f76f98239369633041e0fd5d"\n    },\n    {\n      "r": 3 , "c": 4 , "v":"b51992b2dcb99513ee4ee96430a7bdb0"\n    },\n    {\n      "r": 4 , "c": 5 , "v":"f6e22ced6db70031723f503ef4984e39"\n    }\n  ]\n}\n'),
(26, 1, 2, '10x10 Simple loop', 9, 10, '{\n  "size":  10 ,\n  "obstacles": [\n    {\n      "r": 0 , "c": 0 \n    },\n    {\n      "r": 0 , "c": 3 \n    },\n    {\n      "r": 0 , "c": 7 \n    },\n    {\n      "r": 1 , "c": 5 \n    },\n    {\n      "r": 3 , "c": 0 \n    },\n    {\n      "r": 3 , "c": 3 \n    },\n    {\n      "r": 3 , "c": 7 \n    },\n    {\n      "r": 4 , "c": 5 \n    },\n    {\n      "r": 4 , "c": 8 \n    },\n    {\n      "r": 6 , "c": 6 \n    },\n    {\n      "r": 6 , "c": 9 \n    },\n    {\n      "r": 7 , "c": 0 \n    },\n    {\n      "r": 7 , "c": 2 \n    },\n    {\n      "r": 8 , "c": 4 \n    },\n    {\n      "r": 8 , "c": 8 \n    },\n    {\n      "r": 9 , "c": 6 \n    }\n  ],\n  "answerValue": "e2bbcf31e7b73cab9d3e47a346bbbfdd"\n}\n'),
(27, 1, 2, '10x10 Simple loop', 10, 10, '{\n  "size":  10 ,\n  "obstacles": [\n    {\n      "r": 0 , "c": 2 \n    },\n    {\n      "r": 1 , "c": 4 \n    },\n    {\n      "r": 1 , "c": 5 \n    },\n    {\n      "r": 3 , "c": 1 \n    },\n    {\n      "r": 3 , "c": 2 \n    },\n    {\n      "r": 3 , "c": 4 \n    },\n    {\n      "r": 3 , "c": 9 \n    },\n    {\n      "r": 5 , "c": 2 \n    },\n    {\n      "r": 5 , "c": 6 \n    },\n    {\n      "r": 5 , "c": 8 \n    },\n    {\n      "r": 6 , "c": 0 \n    },\n    {\n      "r": 7 , "c": 2 \n    },\n    {\n      "r": 7 , "c": 7 \n    },\n    {\n      "r": 8 , "c": 6 \n    }\n  ],\n  "answerValue": "891376951608f03a40ad0b8e69936b0d"\n}\n'),
(28, 1, 2, '10x10 Simple loop', 11, 10, '{\n  "size":  10 ,\n  "obstacles": [\n    {\n      "r": 0 , "c": 2 \n    },\n    {\n      "r": 1 , "c": 7 \n    },\n    {\n      "r": 4 , "c": 0 \n    },\n    {\n      "r": 4 , "c": 5 \n    },\n    {\n      "r": 5 , "c": 0 \n    },\n    {\n      "r": 5 , "c": 4 \n    },\n    {\n      "r": 6 , "c": 3 \n    },\n    {\n      "r": 7 , "c": 1 \n    },\n    {\n      "r": 7 , "c": 9 \n    },\n    {\n      "r": 8 , "c": 3 \n    },\n    {\n      "r": 8 , "c": 7 \n    },\n    {\n      "r": 9 , "c": 5 \n    }\n  ],\n  "answerValue": "f0d6b2b1eef42328b432e2cb7b2aa225"\n}\n'),
(29, 1, 2, '10x10 Simple loop', 12, 10, '{\n  "size":  10 ,\n  "obstacles": [\n    {\n      "r": 0 , "c": 2 \n    },\n    {\n      "r": 1 , "c": 4 \n    },\n    {\n      "r": 1 , "c": 5 \n    },\n    {\n      "r": 3 , "c": 1 \n    },\n    {\n      "r": 3 , "c": 2 \n    },\n    {\n      "r": 3 , "c": 4 \n    },\n    {\n      "r": 3 , "c": 9 \n    },\n    {\n      "r": 5 , "c": 2 \n    },\n    {\n      "r": 5 , "c": 6 \n    },\n    {\n      "r": 5 , "c": 8 \n    },\n    {\n      "r": 6 , "c": 0 \n    },\n    {\n      "r": 7 , "c": 2 \n    },\n    {\n      "r": 7 , "c": 7 \n    },\n    {\n      "r": 8 , "c": 6 \n    }\n  ],\n  "answerValue": "891376951608f03a40ad0b8e69936b0d"\n}\n'),
(30, 1, 2, '10x10 Simple loop', 13, 10, '{\n  "size":  10 ,\n  "obstacles": [\n    {\n      "r": 0 , "c": 0 \n    },\n    {\n      "r": 0 , "c": 3 \n    },\n    {\n      "r": 0 , "c": 7 \n    },\n    {\n      "r": 1 , "c": 5 \n    },\n    {\n      "r": 3 , "c": 0 \n    },\n    {\n      "r": 3 , "c": 3 \n    },\n    {\n      "r": 3 , "c": 7 \n    },\n    {\n      "r": 4 , "c": 5 \n    },\n    {\n      "r": 4 , "c": 8 \n    },\n    {\n      "r": 6 , "c": 6 \n    },\n    {\n      "r": 6 , "c": 9 \n    },\n    {\n      "r": 7 , "c": 0 \n    },\n    {\n      "r": 7 , "c": 2 \n    },\n    {\n      "r": 8 , "c": 4 \n    },\n    {\n      "r": 8 , "c": 8 \n    },\n    {\n      "r": 9 , "c": 6 \n    }\n  ],\n  "answerValue": "e2bbcf31e7b73cab9d3e47a346bbbfdd"\n}\n'),
(31, 1, 7, '12x12 Alternative loop', 14, 5, '{\n  "size":  12 ,\n  "whitecircles": [\n    {\n      "r": 1 , "c": 3 \n    },\n    {\n      "r": 1 , "c": 4 \n    },\n    {\n      "r": 1 , "c": 5 \n    },\n    {\n      "r": 2 , "c": 3 \n    },\n    {\n      "r": 3 , "c": 6 \n    },\n    {\n      "r": 3 , "c": 8 \n    },\n    {\n      "r": 5 , "c": 0 \n    },\n    {\n      "r": 6 , "c": 1 \n    },\n    {\n      "r": 6 , "c": 2 \n    },\n    {\n      "r": 6 , "c": 6 \n    },\n    {\n      "r": 6 , "c": 7 \n    },\n    {\n      "r": 6 , "c": 8 \n    },\n    {\n      "r": 6 , "c": 9 \n    },\n    {\n      "r": 7 , "c": 4 \n    },\n    {\n      "r": 7 , "c": 9 \n    },\n    {\n      "r": 8 , "c": 9 \n    },\n    {\n      "r": 8 , "c": 10 \n    },\n    {\n      "r": 9 , "c": 3 \n    },\n    {\n      "r": 10 , "c": 3 \n    },\n    {\n      "r": 10 , "c": 8 \n    },\n    {\n      "r": 11 , "c": 5 \n    }\n  ],\n  "blackcircles": [\n    {\n      "r": 2 , "c": 4 \n    },\n    {\n      "r": 2 , "c": 7 \n    },\n    {\n      "r": 2 , "c": 8 \n    },\n    {\n      "r": 3 , "c": 4 \n    },\n    {\n      "r": 3 , "c": 7 \n    },\n    {\n      "r": 4 , "c": 0 \n    },\n    {\n      "r": 4 , "c": 1 \n    },\n    {\n      "r": 4 , "c": 2 \n    },\n    {\n      "r": 4 , "c": 4 \n    },\n    {\n      "r": 5 , "c": 4 \n    },\n    {\n      "r": 6 , "c": 11 \n    },\n    {\n      "r": 7 , "c": 5 \n    },\n    {\n      "r": 7 , "c": 6 \n    },\n    {\n      "r": 7 , "c": 7 \n    },\n    {\n      "r": 7 , "c": 8 \n    },\n    {\n      "r": 8 , "c": 0 \n    },\n    {\n      "r": 8 , "c": 1 \n    },\n    {\n      "r": 8 , "c": 2 \n    },\n    {\n      "r": 8 , "c": 3 \n    },\n    {\n      "r": 10 , "c": 6 \n    },\n    {\n      "r": 10 , "c": 10 \n    }\n  ],\n  "answerValue": "d655eaa53e552ebc17e7a08048cb4ac3"\n}\n');

-- --------------------------------------------------------

--
-- Структура таблицы `pztl_puzzletype`
--

CREATE TABLE IF NOT EXISTS `pztl_puzzletype` (
  `puzzle_type` bigint(20) unsigned NOT NULL AUTO_INCREMENT,
  `type_name` varchar(30) NOT NULL,
  `type_rules` longtext,
  PRIMARY KEY (`puzzle_type`),
  UNIQUE KEY `puzzle_type` (`puzzle_type`)
) ENGINE=MyISAM  DEFAULT CHARSET=cp1251 AUTO_INCREMENT=8 ;

--
-- Дамп данных таблицы `pztl_puzzletype`
--

INSERT INTO `pztl_puzzletype` (`puzzle_type`, `type_name`, `type_rules`) VALUES
(1, 'Masyu', 'Draw a single closed loop with lines passing through the centers of cells, horizontally or vertically. The loop should never cross itself, branch off or go through the same cell twice.\r\nLines must pass through all cells with black and white circles. Lines passing through white circles must pass straight through its cell, and make a right-angled turn on at least one side of the white circle cell. \r\nLines passing through black circles must make a right-angled turn in its cell, then it must go straight through the next cell on both sides.'),
(2, 'Simple loop', 'Draw a single closed loop with lines passing through the centers of cells, horizontally or vertically. \r\nThe loop should never cross itself, branch off or go through the same cell twice. Lines must pass through all the white cells.'),
(3, 'Every second turn', 'Draw a single closed loop with lines passing through the centers of cells, horizontally or vertically. The loop should never cross itself, branch off or go through the same cell twice. \r\nLines must pass through all the cells. Line must make a right-angled turn in every cell with a circle and must make exactly one right-angled turn between two circles.'),
(4, 'Sudoku', NULL),
(5, 'Irregular sudoku', NULL),
(6, 'Railways', 'Draw a single closed loop with lines passing through the centers of cells, horizontally or vertically. The loop should cross itself in the cells marked with the crosses. In other cases the \nloop should never cross itself, branch off or go through the same cell twice. Lines must pass through all the cells. Lines should go straight through the numbered cells (the stations) and should visit them in order. \nStation with number 1 should be visited after the station with the biggest number.'),
(7, 'Alternative loop', 'Draw a single closed loop with lines passing through the centers of cells, horizontally or vertically. The loop should never cross itself, branch off or go through the same cell twice. \r\nLines must pass through all the cells. Color of the circles along the line should alternate.');

-- --------------------------------------------------------

--
-- Структура таблицы `pztl_races`
--

CREATE TABLE IF NOT EXISTS `pztl_races` (
  `race_id` bigint(20) unsigned NOT NULL AUTO_INCREMENT,
  `race_name` varchar(30) COLLATE utf8_unicode_ci NOT NULL,
  `race_rules` longtext COLLATE utf8_unicode_ci,
  PRIMARY KEY (`race_id`),
  UNIQUE KEY `race_id` (`race_id`)
) ENGINE=MyISAM  DEFAULT CHARSET=utf8 COLLATE=utf8_unicode_ci AUTO_INCREMENT=2 ;

--
-- Дамп данных таблицы `pztl_races`
--

INSERT INTO `pztl_races` (`race_id`, `race_name`, `race_rules`) VALUES
(0, 'Mock race', NULL),
(1, 'First race', NULL);

-- --------------------------------------------------------

--
-- Структура таблицы `pztl_stagetype`
--

CREATE TABLE IF NOT EXISTS `pztl_stagetype` (
  `stage_type` bigint(20) unsigned NOT NULL AUTO_INCREMENT,
  `is_show` tinyint(1) NOT NULL,
  `stage_name` varchar(30) COLLATE utf8_unicode_ci NOT NULL,
  `is_shooting` tinyint(1) NOT NULL,
  PRIMARY KEY (`stage_type`),
  UNIQUE KEY `stage_type` (`stage_type`)
) ENGINE=MyISAM  DEFAULT CHARSET=utf8 COLLATE=utf8_unicode_ci AUTO_INCREMENT=12 ;

--
-- Дамп данных таблицы `pztl_stagetype`
--

INSERT INTO `pztl_stagetype` (`stage_type`, `is_show`, `stage_name`, `is_shooting`) VALUES
(1, 1, 'First Loop', 0),
(2, 1, 'First Shooting', 1),
(3, 1, 'Second Loop', 0),
(4, 1, 'Second Shooting', 1),
(5, 1, 'Third Loop', 0),
(10, 0, 'Penalty Loop', 0),
(7, 1, 'Fourth Loop', 0),
(9, 1, 'Fifth Loop', 0),
(6, 1, 'Third Shooting', 1),
(8, 1, 'Fourth Shooting', 1);

/*!40101 SET CHARACTER_SET_CLIENT=@OLD_CHARACTER_SET_CLIENT */;
/*!40101 SET CHARACTER_SET_RESULTS=@OLD_CHARACTER_SET_RESULTS */;
/*!40101 SET COLLATION_CONNECTION=@OLD_COLLATION_CONNECTION */;
